idr,acc,psd
0.15870095888061905,4.874439777156079,0.43888471705867743
