idr,acc,psd
0.42589830914280596,13.049405524466094,5.2564068259890337e-08
