idr,acc,psd
0.17205067342845087,5.285643199335712,0.5136358489684939
