idr,acc,psd
0.08376935329520944,2.573540897989148,0.006090356290341584
