idr,acc,psd
0.05379609313866132,1.65186323919513,0.00040947248397277616
