idr,acc,psd
0.055509135261695014,1.7027520630990727,2.1171486382437306e-09
