idr,acc,psd
0.08435443177661424,2.589427645090124,0.0692800017072856
