idr,acc,psd
0.11203552544997583,3.443586545109573,1.7037831377774335e-08
