idr,acc,psd
0.11621552882483657,3.572902860460006,0.04661161867016069
