idr,acc,psd
0.12917461298542207,3.959117660447548,0.2746891541022766
