idr,acc,psd
0.07832869274769533,7.596391689804284,0.6924836235462817
