idr,acc,psd
0.05884243908271802,5.639841573359917,0.7054750358636744
