idr,acc,psd
0.2725937161562271,25.714809403946592,1.0710543189870945e-07
