idr,acc,psd
0.27259346404558626,25.71466197856146,1.304624121153881e-08
