idr,acc,psd
0.07129521227686232,6.638763654002918,0.35061759423154676
