idr,acc,psd
0.06767223302608416,6.353298551007384,0.3387518869623921
