idr,acc,psd
0.05989670614296642,5.763311541156508,0.7028592243284978
