idr,acc,psd
0.05390285147596252,5.193543453805187,0.3404701735526497
