idr,acc,psd
0.09236283487662476,11.973572384049088,0.49664292445872066
