idr,acc,psd
0.08739493066266513,8.125808986683458,1.4668202992379988
