idr,acc,psd
0.08739476666659216,8.12579028904537,1.4668204145360744
