idr,acc,psd
0.11558137576042865,3.548286165281243,0.2877008830262201
