idr,acc,psd
0.1314359554863058,4.030546778282314,2.3644601348640382e-08
