idr,acc,psd
0.11558187281003013,3.5483016341925033,0.28770097033215764
