idr,acc,psd
0.13143619455962888,4.030553765879759,2.364446642724682e-08
