idr,acc,psd
0.1372889159131712,4.218126264941348,0.33455250489218036
