idr,acc,psd
0.13728916364046226,4.2181351194764565,0.3345523089887187
