idr,acc,psd
0.021368040568813234,2.0514178674211125,2.0605265522012912e-05
