idr,acc,psd
0.04895624386336871,4.692983024199217,0.29063757157699305
