idr,acc,psd
0.02033555551849127,1.954795131288822,0.0015791679585026564
