idr,acc,psd
0.05979589762497289,6.3103854550870455,0.4737916643206101
