idr,acc,psd
0.015196097057717102,1.4343546365194828,0.002394743911345516
