idr,acc,psd
0.20167487632824732,19.022820070674275,9.208172339565572e-08
