idr,acc,psd
0.13960704047237504,4.261723763080435,0.03686799316174689
