idr,acc,psd
0.07398837365298004,7.13379437810612,0.06413945726707106
