idr,acc,psd
0.07518315284285947,7.284328623642674,0.08191969472972252
