idr,acc,psd
0.15360265575732746,4.745104573568819,0.029270303291947897
