idr,acc,psd
0.04833483535599307,4.411160347779453,0.08860861822585231
