idr,acc,psd
0.06290403559696284,5.746355100652907,0.08384760747187338
