idr,acc,psd
0.2016747362068053,19.022808049811008,2.0671053589982503e-08
