idr,acc,psd
0.07221662427718997,6.634339074587896,0.06734018009627483
