idr,acc,psd
0.2798557431178092,8.618848803332867,6.6621645039504755e-09
