idr,acc,psd
0.07692505516838155,7.136524665183161,0.07481243163646084
