idr,acc,psd
0.12001213783326514,3.6849888763489784,0.023732907384707114
