idr,acc,psd
0.04065594837079741,3.9163620228910934,0.17681025844485493
