idr,acc,psd
0.04021993550735702,3.8853267758040255,0.1194547097985838
