idr,acc,psd
0.03216619935988985,3.110962239163702,0.13683400464113424
