idr,acc,psd
0.02664610739512632,2.5618525847271036,0.001661733470657821
