idr,acc,psd
0.04946711261972914,4.785875201216182,0.28378466103587696
