idr,acc,psd
0.026797256072623964,2.5948780694760636,0.00011346201070520237
