idr,acc,psd
0.04941591238980847,4.539391539832656,0.04151783987258328
