idr,acc,psd
0.04959212519033508,4.571185848920567,0.12398611839664196
