idr,acc,psd
0.04941592023628662,4.539426738789992,0.04151785772445718
