idr,acc,psd
0.32204650101469195,3.5541233161639947,0.019051509625413875
