idr,acc,psd
0.048250893486504416,4.541033525818209,0.08796425253349906
