idr,acc,psd
0.048716977674081306,4.588741532293119,0.0905117149058074
