idr,acc,psd
0.10185254877890682,9.542572162660706,1.1169810857705403e-07
