idr,acc,psd
0.06343872788558738,6.125058527818091,0.07465108009417257
