idr,acc,psd
0.05148327134266389,4.997513940693709,0.0789235459411999
