idr,acc,psd
0.2868552442522871,3.1733065163388785,0.020526551508077456
