idr,acc,psd
0.5884492809160565,6.499802624555634,6.4448743767541995e-09
