idr,acc,psd
0.1403350749773224,13.213265667399869,6.101065356350651e-09
