idr,acc,psd
0.14033509683896153,13.213272712616552,2.1825385778947034e-07
