idr,acc,psd
0.06925569596657681,6.409312143303263,0.07249469712841933
