idr,acc,psd
0.07165861751850212,6.617588732112473,0.069107583301871
