idr,acc,psd
0.02602182790239857,2.5013806289707476,0.0016600969835401274
