idr,acc,psd
0.049226277727728085,4.7369445802616985,0.28414465945936795
