idr,acc,psd
0.026152852642563895,2.528206761676683,9.93592763220123e-05
