idr,acc,psd
0.04865598617907959,1.492682669285398,1.6258807916742278e-09
