idr,acc,psd
0.08348316902706593,2.576655228361906,0.002807745168122083
