idr,acc,psd
0.05077227677389937,4.749647001901667,0.09670824234120298
