idr,acc,psd
0.05431650190191328,5.102898252959358,0.25190900027635676
