idr,acc,psd
0.15277897276508037,14.31387364398269,1.0221254132834163e-08
