idr,acc,psd
0.05911181276530437,5.358466598010266,0.07070672422321626
