idr,acc,psd
0.0478741299384216,4.409167012783592,0.06422150002500224
