idr,acc,psd
0.05724986302552477,5.2685078558522775,0.1735669621012342
