idr,acc,psd
0.0588664722177718,5.703696597866247,0.06490841047641338
