idr,acc,psd
0.013011108759360537,1.2571066892982985,0.0006441158272315448
