idr,acc,psd
0.070883323234026,2.177527974548448,0.013755772205866207
