idr,acc,psd
0.08229422447984225,2.529114255711575,0.008993724559738825
