idr,acc,psd
0.09283517750569889,2.8509991067068077,0.013660441925177513
