idr,acc,psd
0.06969101296203847,2.136621153673052,4.460819344415375e-09
