idr,acc,psd
0.06969172015278581,2.1366413196107796,4.46081852611663e-09
