idr,acc,psd
0.08229427110643378,2.529116791988073,0.00899376317912955
