idr,acc,psd
0.07088318128625856,2.1775213846380446,0.01375571159551843
