idr,acc,psd
0.24996545799063596,2.766970902638892,0.04431504191292925
