idr,acc,psd
0.2526456512580963,2.7975511398646677,0.038061609690014146
