idr,acc,psd
0.03951499889646535,3.718423064151268,0.027897266216228858
