idr,acc,psd
0.06402575039966688,6.192696593172009,0.10694998349064914
