idr,acc,psd
0.04293120643693162,3.984886698164946,0.12681161110852468
