idr,acc,psd
0.0406477127266614,3.817905066981729,0.028686126966167867
