idr,acc,psd
0.041874702279067234,3.889161113136666,0.1270827215625562
