idr,acc,psd
0.15889165694288218,15.189697328776607,4200.9703763205935
