idr,acc,psd
0.5129614501216412,5.66133026103792,1.1269584956384683e-08
