idr,acc,psd
0.06879673623035343,6.519887115651778,6.2561898953991015e-09
