idr,acc,psd
0.04749208416108218,4.614662984775255,0.12672252343799492
