idr,acc,psd
0.06879681266047957,6.519896504579907,9.669326382832619e-08
