idr,acc,psd
0.10889335318329804,10.314657327872583,8.840560353577501e-08
