idr,acc,psd
0.09173515961802226,2.8257626621870853,0.029920888860397583
