idr,acc,psd
0.12993681278156935,4.011422304690814,0.03252781208838256
