idr,acc,psd
0.05010817616629565,4.821968168909184,0.026958138709725705
