idr,acc,psd
0.06262057592081406,5.641497725149548,0.11411512760190327
