idr,acc,psd
0.13979054077855288,4.286222546999346,1.0032578133740337e-08
