idr,acc,psd
0.05417801742643951,5.235215228853317,0.020750278689105145
