idr,acc,psd
0.05639949106312332,5.234257784557584,0.059673037792473085
