idr,acc,psd
0.05628392092834925,5.218249036150843,0.059420298575397004
