idr,acc,psd
0.05328285587916496,5.171601839025881,0.05799920104322061
