idr,acc,psd
0.053407242777305984,4.91898911764977,0.0192313340826167
