idr,acc,psd
0.07194532336938941,6.8219013688587795,1.3703827223113146e-07
