idr,acc,psd
0.05190564427368745,4.847454428459644,0.01879583324440458
