idr,acc,psd
0.07194540112881868,6.821909014902532,4.585217988308036e-09
