idr,acc,psd
0.16339247869592624,5.018620574411017,0.07018055478854404
