idr,acc,psd
0.06780337029033219,6.53292524863534,0.1259205938783536
