idr,acc,psd
0.0697852697775313,6.722291257654016,0.1773948765755663
