idr,acc,psd
0.07352091644778312,6.809768596703061,0.2997937609103677
