idr,acc,psd
0.06435745327714272,6.243506907588159,0.29284032231384394
