idr,acc,psd
0.10625641713450584,10.068419222773489,1.3047384573663575e-08
