idr,acc,psd
0.04697037127156556,4.33385578944516,0.20289134326572758
