idr,acc,psd
0.10625630780673845,10.068407541783401,8.43295007021826e-08
