idr,acc,psd
0.042808577209983226,4.121939466368966,0.21167728575707823
