idr,acc,psd
0.04436651314933571,4.114150920185659,0.20909147104682987
