idr,acc,psd
0.07106927059970095,6.626484394237288,0.3044784424098541
