idr,acc,psd
0.054758471892393065,5.071517864745503,0.6714053480948219
