idr,acc,psd
0.3127980625399341,29.62898392366445,2.137869910285391e-08
