idr,acc,psd
0.08206694986075436,7.958604975572333,1.1386892032641491
