idr,acc,psd
0.3127979913928121,29.62896350076739,8.461931507847348e-08
