idr,acc,psd
0.0817817634500726,7.894207177307365,0.6712930981553241
