idr,acc,psd
0.06940087602770566,6.428233470216512,1.131500503466603
