idr,acc,psd
0.052000778158852436,4.874025094765074,0.6476211962880533
