idr,acc,psd
0.03323529649175923,3.2029239910608407,0.06949284986557983
