idr,acc,psd
0.030614144622441084,2.9552145228692392,0.03123456923947586
