idr,acc,psd
0.036828711105918954,3.577181890321897,0.03344272637249955
