idr,acc,psd
0.025974904657477853,2.495307588964234,7.885373254943842e-08
