idr,acc,psd
0.03500096031872157,3.31385036692254,0.034716207919801824
