idr,acc,psd
0.03204466950345741,3.04567218813843,0.06909338321462542
