idr,acc,psd
0.03500125860827946,3.3138964786704284,0.03471632735724407
