idr,acc,psd
0.025974896435408717,2.495314934828695,8.557727456011693e-09
