idr,acc,psd
0.03846825933188375,3.5367293071048453,0.06497795546019067
