idr,acc,psd
0.03911024529557758,3.629069534218872,0.028760888591378878
