idr,acc,psd
0.03777533745214611,3.6690861450743046,0.022751271124664862
