idr,acc,psd
0.03857880908983268,3.5591623223351005,0.027999809140907737
