idr,acc,psd
0.039258738310180626,3.615082376959095,0.06299331349385848
