idr,acc,psd
0.07749156402928568,7.3142499097984475,7.565983658558658e-08
