idr,acc,psd
0.04015758473776939,3.901294244175669,0.056136277729493804
