idr,acc,psd
0.077491391511145,7.314234092963339,8.300776792066278e-09
