idr,acc,psd
0.17009338883166789,5.202142437599262,0.01664658070417095
