idr,acc,psd
0.11851899203292295,3.6182758709547738,0.010006610179520453
