idr,acc,psd
0.14539652532681213,4.448826571270266,7.323527056927045e-09
