idr,acc,psd
0.10894929955552822,3.346603274939266,0.03079047001802611
