idr,acc,psd
0.21107672503902264,6.474809376196117,8.050538840117428e-09
