idr,acc,psd
0.09852278959995872,3.028855185469018,0.040725000419164645
