idr,acc,psd
0.1527788996123739,14.313867083990003,1.1036533289522687e-07
