idr,acc,psd
0.21050251232440495,19.819853118810244,2.1847549327323678e-07
