idr,acc,psd
0.08219841954696579,7.529921195066271,0.20451161224333655
