idr,acc,psd
0.2105024845412134,19.819852823458532,9.151854272727026e-09
