idr,acc,psd
0.07870175075083952,7.302504232122429,0.21074428195692066
