idr,acc,psd
0.05446965068317317,5.268653486580954,0.20438730115571527
