idr,acc,psd
0.059592805366932476,5.74771279591155,0.1652050178118058
