idr,acc,psd
0.08608598101881824,7.88061304895514,0.21383070339773277
