idr,acc,psd
0.053641428555895945,4.943411644188087,0.15940694910118208
