idr,acc,psd
0.3020541379757702,3.3416087061245845,0.031950147526005446
