idr,acc,psd
0.34053248025751676,3.760947268365854,0.040170672276436135
