idr,acc,psd
0.08106604536020903,7.538401762947788,0.2212198205535208
