idr,acc,psd
0.10909459112267764,10.553966235126056,0.2208051189270963
