idr,acc,psd
0.8826739141295364,9.749703783369498,9.667261196614085e-09
