idr,acc,psd
0.2909857988176688,3.2031705366442402,1.3625830196175474e-08
