idr,acc,psd
0.30250377212322005,3.3473443517597965,0.03037841465841185
