idr,acc,psd
0.7613695298995916,8.401868473093451,1.3625830196175474e-08
