idr,acc,psd
0.30227980110012975,3.3447847477619517,0.030254083977731643
