idr,acc,psd
0.04176961815772743,1.2852583197612315,3.4389182676712115e-05
