idr,acc,psd
0.03348893070364362,1.028137270942596,2.3253765547993703e-05
