idr,acc,psd
0.13282914121916908,4.076127271176093,0.31235334129382253
