idr,acc,psd
0.13282882098906712,4.076116380525807,0.31235287184339744
