idr,acc,psd
0.05054007598443047,4.667551546204555,0.26669104702357094
