idr,acc,psd
0.04494391784850207,4.141466321308554,0.04037201154312836
