idr,acc,psd
0.1040883110306112,9.806619432196259,1.163368582284465e-08
