idr,acc,psd
0.05298626482723869,5.1211275614311225,0.24910233655043507
