idr,acc,psd
0.10408839336171698,9.806627361121091,3.805123193728771e-07
