idr,acc,psd
0.04531947257595504,4.181957475789208,0.04078820130351215
