idr,acc,psd
0.051370516859152546,4.955409857894698,0.03571220444826488
