idr,acc,psd
0.04982510134574692,4.60296611972265,0.2664981588964502
