idr,acc,psd
0.02615369024349543,0.8017143399280501,1.6131533535849691e-09
