idr,acc,psd
0.04784420174405354,1.469903557482604,4.613004778560857e-05
