idr,acc,psd
0.025973241070016615,0.7960744739338421,1.929017651200414e-05
