idr,acc,psd
0.18166201331447956,5.56106277448354,0.4054150530745255
