idr,acc,psd
0.556333862952333,17.053907247564858,3.4314753955453605e-08
