idr,acc,psd
0.16557079249362727,5.0841139384861025,0.3425158178053596
