idr,acc,psd
0.01110737333980028,1.046478085383969,3.805119200736612e-07
