idr,acc,psd
0.023460986077501956,2.2534275181366663,3.4762413347e-05
