idr,acc,psd
0.010801748401666068,1.0177470073881614,0.003961880765405952
