idr,acc,psd
0.010823049678611106,1.0197113722337048,1.2710685613526485e-05
