idr,acc,psd
0.011107288595432559,1.0464719366293436,1.241416794355314e-09
