idr,acc,psd
0.02264603954852852,2.1804686789756476,0.004144700479381122
