idr,acc,psd
0.04229413261019165,5.540593789526916,0.11627191292095646
