idr,acc,psd
0.01605265485629992,1.4959968387216214,0.004175393268471905
