idr,acc,psd
0.06405993643627839,6.23521045218934,0.2927485433573657
