idr,acc,psd
0.045987222891356754,4.288206546812824,0.033675473836069496
