idr,acc,psd
0.03282378070920706,3.149895599043824,0.004823876923595908
