idr,acc,psd
0.04881208677525904,4.6842680196604265,0.049546297703830365
