idr,acc,psd
0.033896116765525015,3.249197985803795,0.0012175294354943935
