idr,acc,psd
0.03501043168781446,3.2677342269728706,0.04348268984608002
