idr,acc,psd
0.06049332871790483,6.139107415711515,0.27910496752654196
