idr,acc,psd
0.016112021056083344,1.524247592656508,8.106645884905932e-05
