idr,acc,psd
0.017908140431416794,1.6820932594251985,7.718567797843192e-10
