idr,acc,psd
0.020050334294534393,1.9392940375821335,0.00011946246045592278
