idr,acc,psd
0.01680480523284387,1.5765295319885102,0.0012861512453117654
