idr,acc,psd
0.016823204319561635,1.5781589036580437,0.0012855003862730432
