idr,acc,psd
0.02058491743598071,1.9910023474784944,0.0012410618178277028
