idr,acc,psd
0.016106567262797945,1.5237867030591985,8.17753371870415e-05
