idr,acc,psd
0.017908158687394555,1.6820951554953698,1.0966472262705424e-07
