idr,acc,psd
0.03827153564310209,3.5458404122652367,0.020279919427190513
