idr,acc,psd
0.05874345200393059,5.982837402397802,0.13038821846946255
