idr,acc,psd
0.06011378874896859,5.794314558516227,0.5834349507691612
