idr,acc,psd
0.036476023646003976,3.5310346791664258,0.033685371421993605
