idr,acc,psd
0.03544462822441691,3.4192277936704434,0.06977704995610672
