idr,acc,psd
0.05568275288657698,5.737801759116448,0.13515388017758592
