idr,acc,psd
0.030203385588124576,2.8098174502010815,0.003950409809774025
