idr,acc,psd
0.037276038485578276,3.544937509046954,2.486639555931086e-09
