idr,acc,psd
0.028573780641620215,2.658652220192395,0.01846388558448342
