idr,acc,psd
0.0400338504840494,3.734969130917334,0.008988336749647849
