idr,acc,psd
0.03787580456521073,3.5430326121642763,0.0078018101659075734
