idr,acc,psd
0.04715292729137969,4.573576015732867,0.008849912262328527
