idr,acc,psd
0.03727602065136143,3.5449350339335544,1.6482283056004472e-07
