idr,acc,psd
0.031421117168034425,3.0227932424408435,0.013136559240856592
