idr,acc,psd
0.029759001425549395,2.78222608858548,0.019118621503290866
