idr,acc,psd
0.036201391384174456,3.2270649729267484,0.04226560974523637
