idr,acc,psd
0.03359444162293305,3.0708766589439547,0.035442182953983076
