idr,acc,psd
0.03359445296183537,3.070874265670178,0.0354421374683384
