idr,acc,psd
0.3750496220526699,34.82921209851551,2.711715778070196e-08
