idr,acc,psd
0.3750501292903043,34.82925508585294,1.1422214013144153e-07
