idr,acc,psd
0.0772436980224381,7.464618270857212,0.6007294711604563
