idr,acc,psd
0.06735007949202863,6.174493918612373,1.132820243945038
