idr,acc,psd
0.06899026151137384,6.33294246494889,1.2174005606127813
