idr,acc,psd
0.07060792931592723,6.327029471931495,0.689325034769974
