idr,acc,psd
0.06690167471042828,6.05134328880928,0.6242834188511409
