idr,acc,psd
0.07934288518175707,7.694769696040085,1.11123048379361
