idr,acc,psd
0.07285708901688444,6.579211462129382,0.19130710861348368
