idr,acc,psd
0.06899213555023267,7.384223853101091,0.053506716374853366
