idr,acc,psd
0.0728570959340191,6.579212164670955,0.19130720931397965
