idr,acc,psd
0.18857031568929122,5.777741321620049,2.327325215930565e-08
