idr,acc,psd
0.10933239313394491,3.3613979107664234,0.19964717315414415
