idr,acc,psd
0.10160379495507456,3.1177906422683153,0.16291727457327546
