idr,acc,psd
0.051390401695370916,5.05575235936243,0.047879585422758386
