idr,acc,psd
0.07719396817810718,7.31935625730092,0.14879803613463546
