idr,acc,psd
0.019165906797826048,1.8299109357666372,0.0022045656695869917
