idr,acc,psd
0.01753505652989803,1.6790864300124473,6.015440505142725e-05
