idr,acc,psd
0.02378519495268825,2.2714820618150724,0.0003682236056879025
