idr,acc,psd
0.0216709762040652,2.0757900298199514,0.004265922500907877
