idr,acc,psd
0.052823370422015084,4.982467823442827,0.5458382839221144
