idr,acc,psd
0.17323964611753048,5.325513016987748,0.2576570213936021
