idr,acc,psd
0.08366845306957778,8.073839348481265,1.138502628993932
