idr,acc,psd
0.3543135478431127,3.905896542027259,0.2761530989662242
