idr,acc,psd
0.0418141133367531,3.8559242444823414,0.01855207288972311
