idr,acc,psd
0.04181414427066981,3.8559348235124844,0.018552074636312747
