idr,acc,psd
0.048308735693201675,4.811348928584125,0.25024902013411615
