idr,acc,psd
0.08208171672965739,2.5169564641236057,0.047279308916549204
