idr,acc,psd
0.17715870743472992,5.442520345656861,0.2913750813845745
