idr,acc,psd
0.36616281689661795,11.240497801998517,2.907728684259365e-08
