idr,acc,psd
0.06859178355179962,6.616987868861261,0.17676056668040296
