idr,acc,psd
0.1647599245295796,5.051727795376312,0.06810154306307291
