idr,acc,psd
0.06700522291275127,6.452921164548346,0.12655984884442076
