idr,acc,psd
0.016355514801504534,1.5814911464983161,1.7976977284661937e-05
