idr,acc,psd
0.015240972492594245,1.4740783582570414,0.0013815353555757305
