idr,acc,psd
0.05728289487893603,5.530785732215079,0.24281607393834173
