idr,acc,psd
0.08102859936045591,2.4901057858552873,0.0025675856443957558
