idr,acc,psd
0.036311435152251714,3.3758283910637825,0.008605864982865821
