idr,acc,psd
0.0292892630104326,2.671800051714264,0.00415268434276561
