idr,acc,psd
0.03595466711303838,3.3412917210100797,0.00844539770538241
