idr,acc,psd
0.027069850209319905,2.615312779521232,0.003208516119720343
