idr,acc,psd
0.029598991174367983,2.700576247353495,0.004261028458682714
