idr,acc,psd
0.031214296847544124,2.985057580444723,2.865605306425435e-09
