idr,acc,psd
0.03212215398853879,3.097265514175613,0.007849124593924318
