idr,acc,psd
0.03121420223481388,2.9850482170564874,3.188068323621649e-08
