idr,acc,psd
0.06493479148637572,6.033456898505035,0.02013935550446673
