idr,acc,psd
0.08953862530187091,8.410263664760963,3.859259135974028e-09
