idr,acc,psd
0.04241183458768566,4.118572149885248,0.05019528927096562
