idr,acc,psd
0.05833810405225869,5.643264672244683,0.01887135666329143
