idr,acc,psd
0.037931013896438964,3.5747252204810405,0.05094371792690116
