idr,acc,psd
0.08953870649547828,8.41027167324907,1.096841820490076e-07
