idr,acc,psd
0.06502362287153221,6.0409346638657055,0.020410656465934728
