idr,acc,psd
0.08586484648608995,8.243558628009989,1.1310846929452796
