idr,acc,psd
0.0798180073631375,7.653231024538348,0.6730591000133225
