idr,acc,psd
0.06271009107219157,6.033870993987698,0.296191022402732
