idr,acc,psd
0.08565046088934763,2.6270580670301356,0.04739384655133842
