idr,acc,psd
0.04962536381374344,4.6970658290945915,0.14515133873481847
