idr,acc,psd
0.04117726660676892,3.8598599229719195,0.1265199186144156
