idr,acc,psd
0.06680434768780917,6.382815418341282,1.3567187273956212e-08
