idr,acc,psd
0.03239946941698869,3.1484673040465356,0.13690754346829423
