idr,acc,psd
0.043794725600686174,4.196076938807993,0.11288676932025593
