idr,acc,psd
0.06680456743088224,6.38283717822923,2.2284059952343063e-07
