idr,acc,psd
0.03867152757951781,3.736263788597184,0.11817274915128413
