idr,acc,psd
0.3569635302829396,3.942776237823753,0.26166879363007134
