idr,acc,psd
0.028332836618470907,2.7319346945300937,0.0009107117308062321
