idr,acc,psd
0.08271569508388352,7.996676138952228,1.138350756105127
