idr,acc,psd
0.1774555261032595,5.447521051444504,0.25105104590018695
