idr,acc,psd
0.02716430298868608,2.6200275654237393,0.0038829169080231117
