idr,acc,psd
0.05133959424817846,4.944845697308172,0.5407269488528813
