idr,acc,psd
0.04460313290889724,4.143941390278599,0.11198283018280325
