idr,acc,psd
0.03439436376153176,3.19879047790063,0.10993851075104595
