idr,acc,psd
0.03561144621239188,3.435399343844338,0.10848192854621241
