idr,acc,psd
0.04777401205220943,4.529958175397866,0.09240161898740488
