idr,acc,psd
0.044771663149777145,4.250199482202143,0.11531472712703794
