idr,acc,psd
0.06035261991838473,5.7663840681710195,1.2256925156282894e-08
