idr,acc,psd
0.06035276796917746,5.766400605773907,2.2300885699031065e-07
