idr,acc,psd
0.030692459882174256,2.9573546406754367,0.10934432087624994
