idr,acc,psd
0.05124936195291019,5.725487817469751,0.3359620522214187
