idr,acc,psd
0.02045586849688658,1.9166069897610163,0.0020457769715980013
