idr,acc,psd
0.05166107651339657,4.876170111199962,5.5338799755814e-09
