idr,acc,psd
0.051661032675943505,4.87616554217717,7.602561271549142e-08
