idr,acc,psd
0.0344923350795544,3.3326982571303123,0.007246887637449939
