idr,acc,psd
0.03643184383817581,3.359128779382106,0.016281547475496996
