idr,acc,psd
0.03196064487847611,2.977116577877464,0.007694461242328089
