idr,acc,psd
0.03321799273151766,3.2304143978357103,0.013173629316823547
