idr,acc,psd
0.036410260679044223,3.361816116503125,0.016810837448757474
