idr,acc,psd
0.032860300463145205,3.0437976183258995,0.007598915976965465
