idr,acc,psd
0.056496008671126155,6.2974057802638015,0.735606641957323
