idr,acc,psd
0.010760461415525047,1.0138614451069152,0.0061588587627901155
