idr,acc,psd
0.05257791732289487,5.0679660964676625,0.5013121057627289
