idr,acc,psd
0.02128368307429872,2.055421572677426,0.004149322776602288
