idr,acc,psd
0.02215856940863607,2.1355511879314726,3.1523055393292e-05
