idr,acc,psd
0.04214177517422154,1.2905643612373034,0.0015733978712012436
