idr,acc,psd
0.0425898262784644,1.3049400546511087,5.256408736331207e-09
