idr,acc,psd
0.059443709336395055,1.827209872482259,0.0012360681783409881
