idr,acc,psd
0.05874345200393059,5.6739763322776255,0.13038821846946255
