idr,acc,psd
0.038324134285289815,3.71109492248854,0.03829028321697484
