idr,acc,psd
0.037802571917347844,3.6443847083950494,0.016935754169259035
