idr,acc,psd
0.09438740447733865,2.897983089185205,0.01544944646095362
