idr,acc,psd
0.09052896062053892,8.649569012726417,1.8385391447912072e-08
