idr,acc,psd
0.050591508891853876,4.891234572283238,0.25461518030080327
