idr,acc,psd
0.09052911444501707,8.649585604132696,2.2222150540699824e-07
