idr,acc,psd
0.048481834768858784,4.383337725050815,0.25514954783987265
