idr,acc,psd
0.03751485131970376,3.5132085529274684,0.20691750190524258
