idr,acc,psd
0.03582224796218322,3.254925895685373,0.2178698852697362
