idr,acc,psd
0.04339767250980161,4.180357323078475,0.2075567119934131
