idr,acc,psd
0.045073501729931756,4.270575840032899,0.2657707703166612
