idr,acc,psd
0.049735582275071986,4.523776053505334,0.5270965502646409
