idr,acc,psd
0.010801490699206268,1.017725085240303,0.003962174000593579
