idr,acc,psd
0.0700261103394606,6.795200771763672,0.5390041067625246
