idr,acc,psd
0.055239418079663295,5.121799091859307,0.5461453506483457
