idr,acc,psd
0.06718202512342723,6.229506781104231,0.4541936469468719
