idr,acc,psd
0.13579291257277779,12.974281149355747,2.210405077714191e-07
