idr,acc,psd
0.06442931238837386,5.892698972372509,0.4399796124524824
