idr,acc,psd
0.1357930031067544,12.97430214930816,2.7578074754713097e-08
