idr,acc,psd
0.05901443977958925,5.489907479419783,0.5867572669790921
