idr,acc,psd
0.06493797125382753,6.289175509982563,0.4356734618776629
