idr,acc,psd
0.14004424912406332,4.30447755828717,2.129742484884917e-08
