idr,acc,psd
0.08976793043649166,2.7559524869216228,0.13219969238782642
