idr,acc,psd
0.09888614766570616,3.0367771446360385,0.11014826689667472
