idr,acc,psd
0.06496146521876456,1.9893221518596473,0.00018710681934486787
