idr,acc,psd
0.16619323060279936,5.10268583505604,0.22569091961747512
