idr,acc,psd
0.4577604560403055,14.036745077642795,2.569837871576682e-08
