idr,acc,psd
0.14555476706207826,4.481990692114176,0.25453831939603266
