idr,acc,psd
0.10146939641348304,3.114002115217742,0.1669140616252322
