idr,acc,psd
0.30141339595518063,3.327835370474604,0.03213324829270259
