idr,acc,psd
0.08534281283590248,8.235536749082538,0.40482820835020217
