idr,acc,psd
0.0529174071469356,5.106992530463442,0.10872170015997781
