idr,acc,psd
0.06927093509441115,6.680953870326365,0.3233238967885582
