idr,acc,psd
0.053915273245789555,6.254869327477449,0.6303594462221047
