idr,acc,psd
0.02103324341251079,1.988091937228291,0.007963305332417117
