idr,acc,psd
0.12830777151109124,3.9407343172205107,0.2430385602141828
