idr,acc,psd
0.12693761939153725,3.90154253950068,0.2884578576259955
