idr,acc,psd
0.25553869287036196,7.8296340538667,3.1538440911686154e-08
