idr,acc,psd
0.031003794344717124,2.8442062822422285,0.0004387333874061246
