idr,acc,psd
0.030944845077605553,2.8397984042117095,0.0035505717887693773
