idr,acc,psd
0.03340121725300381,3.068610366216503,0.0012806364642364498
