idr,acc,psd
0.04102356207406948,3.978045838064208,0.0009209895721790792
