idr,acc,psd
0.04688151141172166,4.353652261604368,3.3896817726823594e-09
