idr,acc,psd
0.04688152343573889,4.353653359556091,1.2972239530294772e-07
