idr,acc,psd
0.03692529385568126,3.5601649446984958,0.0057187669882724735
