idr,acc,psd
0.032366327666285256,2.9476972504248846,0.004542687415349851
