idr,acc,psd
0.04198464337674532,5.001783343731644,0.0763949275621322
