idr,acc,psd
0.010598224600806935,1.0108644215136504,0.00040387240517026707
