idr,acc,psd
0.013533805981266783,1.306388222570947,1.8525648764472787e-05
