idr,acc,psd
0.013649995435256922,1.31872032706368,0.00033870062058058583
