idr,acc,psd
0.03910397429229941,3.7629036927714554,0.1416321917432056
