idr,acc,psd
0.06138203029835324,7.673958383242736,0.431126194444785
