idr,acc,psd
0.06917932772957221,6.442362464499576,1.3849992646612594
