idr,acc,psd
0.058467916987204105,5.613473841260712,0.12834195860873496
