idr,acc,psd
0.034307027014403045,3.2932301675339892,0.01674971140041912
