idr,acc,psd
0.03813979507697898,3.6551612637798248,0.03862440124747473
