idr,acc,psd
0.07657789335257695,2.351306626698773,0.020633738546751563
