idr,acc,psd
0.05049256726433504,4.650795068362107,0.0683875027568737
