idr,acc,psd
0.04438989870279286,4.116390036884198,0.02892438505416256
