idr,acc,psd
0.05086297104385107,4.6584710489130465,0.027240159800692648
