idr,acc,psd
0.055026138370851733,5.334302300075321,0.05798041769725598
