idr,acc,psd
0.04732760578164423,4.560285181863415,0.02316646062022995
