idr,acc,psd
0.1022226597117219,9.643123756269276,1.0871048874551734e-07
