idr,acc,psd
0.1022225934793793,9.643117108947813,4.892347229690482e-09
