idr,acc,psd
0.04545206276300479,4.281963531153236,0.07061054851127377
