idr,acc,psd
0.03792151138936481,3.6867976144823063,0.03839241633247977
