idr,acc,psd
0.0385698910682803,3.5797212918185837,0.020291784639086922
