idr,acc,psd
0.06735486950484859,6.357471406478681,7.580336367601864e-08
