idr,acc,psd
0.03464365514545321,3.2563160756444036,0.04207406100953994
