idr,acc,psd
0.0384830037093435,3.714162420337565,0.01717570403305592
