idr,acc,psd
0.06735473927188215,6.357458953978399,7.214829352007515e-09
