idr,acc,psd
0.03827155878028814,3.5458599591451487,0.02027995699304621
