idr,acc,psd
0.035010452115052874,3.2677308178731606,0.043482707730657544
