idr,acc,psd
0.11833388940492828,3.6353492069566036,0.26168265429383686
