idr,acc,psd
0.20311073947628663,6.242923239511294,3.088836818505439e-08
