idr,acc,psd
0.037160177744522974,3.584753006537037,0.2490624067735008
