idr,acc,psd
0.10925102283133238,10.447781501084233,3.1795042803056804e-08
