idr,acc,psd
0.04790285045005041,4.611547058741374,0.20240805893038993
