idr,acc,psd
0.062040796259612827,5.817233606279584,0.2059661417637624
