idr,acc,psd
0.10925086197604249,10.447765228663435,1.002964005159034e-08
