idr,acc,psd
0.03322517100691338,3.090771684626043,0.24963624549584137
