idr,acc,psd
0.03303405928576998,3.0747247794262638,0.2496744440795394
