idr,acc,psd
0.06252520579763211,5.86048261515692,0.20649722787369307
