idr,acc,psd
0.12535399336994457,11.774359231150063,1.0969403125695292e-07
