idr,acc,psd
0.12535387228437264,11.774349170007799,5.4029527854345185e-09
