idr,acc,psd
0.05893269293446454,5.48847223776417,0.1059374856949518
