idr,acc,psd
0.05384177619138616,5.191994501391428,0.09945210057147316
