idr,acc,psd
0.05558758210150922,5.392212470643695,0.03465101326322364
