idr,acc,psd
0.058689958437888524,5.471391890275753,0.0342580536565377
