idr,acc,psd
0.05865478310817053,5.463838974274613,0.03462247313018182
