idr,acc,psd
0.05851330956150551,5.449626957176597,0.10583649093983409
