idr,acc,psd
0.28128759959601946,26.1219402426818,1.1864957493736389e-07
