idr,acc,psd
0.06655365801238135,5.939114708338661,0.22357841335355524
