idr,acc,psd
0.07419931872695228,7.169309659240098,0.4561834024357013
