idr,acc,psd
0.06937297790928254,6.243910031605718,0.4997911862226672
