idr,acc,psd
0.07086610058578961,6.850476575644713,0.21589297477521213
