idr,acc,psd
0.2812874992295056,26.121929815941613,2.0337442635874632e-08
