idr,acc,psd
0.06658161224770244,5.966115012740968,0.46062995164615317
