idr,acc,psd
0.06830783325131588,6.112375173920195,0.2565190820503414
