idr,acc,psd
0.02131375613341235,2.0348215308117177,0.0010911906637911387
