idr,acc,psd
0.04821606303897995,4.599364236843684,0.10485639258004471
