idr,acc,psd
0.04821612319064647,4.5993507739715005,0.10485642586836587
