idr,acc,psd
0.02217752206855704,2.1178172085420854,0.0008206859706728077
