idr,acc,psd
0.05219193992687482,4.848217792452822,0.12902306679900605
