idr,acc,psd
0.023634149704616768,2.2825753538150524,0.0012102111093250894
