idr,acc,psd
0.046096268360493124,4.455997754549972,0.09848773905864794
