idr,acc,psd
0.026392208097586783,2.556198889042479,0.00047615353348263507
