idr,acc,psd
0.046096291413807486,4.455785220879916,0.09848792484746156
