idr,acc,psd
0.020237055176351684,1.960085253476378,0.00412204884630642
