idr,acc,psd
0.05448802274230003,5.259919664949591,0.4956084092363664
