idr,acc,psd
0.020570698419712458,1.991756169537763,1.53496811569882e-05
