idr,acc,psd
0.059658828684099635,7.206853961711967,0.32311539974092107
