idr,acc,psd
0.010460618744184353,0.9918356816604432,0.002038646503910998
