idr,acc,psd
0.14861125144536858,4.567305120440235,0.3863837487354001
