idr,acc,psd
0.24169330753530657,7.404428075422495,2.6327715607383736e-08
