idr,acc,psd
0.1561577310923125,4.794012052397021,0.32987288968749956
