idr,acc,psd
0.12420597719762633,3.8156120495252237,0.10693167495139336
