idr,acc,psd
0.1208894501572694,3.7032282530847382,0.14377083187157785
