idr,acc,psd
0.24726017247753146,7.579538806374925,1.5251004780514216e-08
