idr,acc,psd
0.1703589452557452,5.219749989295513,2.102557662311911e-08
