idr,acc,psd
0.10585793072676439,3.256193721971945,0.17517673427640618
