idr,acc,psd
0.1103880403538712,3.386474822600948,0.14153688322223143
