idr,acc,psd
0.12725003487596326,3.9196477335721727,0.03650342707979663
