idr,acc,psd
0.1256445563994302,3.8554326698682555,0.03456899041780493
