idr,acc,psd
0.2338776373247254,7.1761748787089585,1.3013218363955015e-08
