idr,acc,psd
0.10735927851469175,3.2907894885134277,0.017728399882421014
