idr,acc,psd
0.1557562423306641,4.786203224664521,7.220795489694513e-09
