idr,acc,psd
0.11986404189469901,3.6841704431954585,0.028491921657747506
