idr,acc,psd
0.1678630745982482,5.139325484915702,0.02948362587842794
