idr,acc,psd
0.1171473350722539,3.629222698675057,0.019600019822153356
