idr,acc,psd
0.18001385537457212,5.4943494382116445,3.839489994756761e-09
