idr,acc,psd
0.04113404351627611,3.7404991395333083,0.3199919828023918
