idr,acc,psd
0.04141960508025406,3.8526851176506165,0.239967178966105
