idr,acc,psd
0.0410411290959144,3.7319232962819333,0.319958074478065
