idr,acc,psd
0.12485851426566234,11.94033158710616,1.1462445136027286e-08
