idr,acc,psd
0.041379230317694735,3.8384890823360003,0.23966581996742944
