idr,acc,psd
0.12485817953395732,11.940308327021501,3.177790571999723e-08
