idr,acc,psd
0.042801249539906217,4.1561319986311,0.2353876490127489
