idr,acc,psd
0.03648644772114244,3.5280179459944017,0.31410764514266404
