idr,acc,psd
0.05683158333688852,1.7413649836697371,1.4445447379929745e-05
