idr,acc,psd
0.1771542781709583,5.438777520835974,0.2962476170204104
