idr,acc,psd
0.03342652344838606,3.081168480932357,0.09704398100305103
