idr,acc,psd
0.12088370303567202,3.725527826951637,0.04290335365689863
