idr,acc,psd
0.2054344623715857,6.297945724675612,1.0674124465669766e-08
