idr,acc,psd
0.03151432882435513,3.028263130277131,0.09053139447762955
