idr,acc,psd
0.035714854466239725,3.4731029967197555,0.03260985953478008
