idr,acc,psd
0.035749102076294434,3.3048707983332752,0.03280139871172545
