idr,acc,psd
0.10100054245069187,3.106913806145867,0.059902146178119085
