idr,acc,psd
0.037796178373134516,3.4239216427207406,0.09602328069441095
