idr,acc,psd
0.12179287526895924,11.464336934144074,5.2145470392592716e-08
