idr,acc,psd
0.12179308024575974,11.464356603937945,9.235413181785361e-09
