idr,acc,psd
0.03136199795502263,2.95025092783921,0.03411811150169469
