idr,acc,psd
0.10553862578027016,3.2374134310756926,4.025254095390114e-09
