idr,acc,psd
0.09669395425321191,2.9720862919527455,0.013416132544104717
