idr,acc,psd
0.07315962778429627,2.248001779769813,0.008673890094403553
