idr,acc,psd
0.04026318818133516,3.885767593690453,0.2883182415203063
