idr,acc,psd
0.05146963955954604,4.7741494478724205,0.41580651554217274
