idr,acc,psd
0.038528237121326234,3.5638531709850905,0.2860263181812497
