idr,acc,psd
0.050379095186232535,4.859389765501562,0.4224646927802388
