idr,acc,psd
0.05133241254745681,4.7608392600356675,0.4157070045194502
