idr,acc,psd
0.03838196312344723,3.5551187535833044,0.28608362992287106
