idr,acc,psd
0.1560732707805431,14.925425160994486,3.174365891846734e-08
