idr,acc,psd
0.15607281940230097,14.925394069665133,1.432806478551612e-08
