idr,acc,psd
0.11725060080499536,3.60493338970483,0.2428402766963516
