idr,acc,psd
0.19606244730527098,6.026282724805544,2.9816467598486244e-08
