idr,acc,psd
0.10605869181621597,3.2571664028883447,0.27834580136021664
