idr,acc,psd
0.09030222809626721,2.772645502995067,0.09277229505423085
