idr,acc,psd
0.10936761306846782,3.357979270190524,0.09606611213566815
