idr,acc,psd
0.1544498324793806,4.741165086900329,1.5837847256155277e-08
