idr,acc,psd
0.06011378874896859,6.694157253518105,0.5834349507691612
