idr,acc,psd
0.033503134783695605,3.16218584033434,0.07247314936027854
