idr,acc,psd
0.03350320067765907,3.1621985725413055,0.07247325484915833
