idr,acc,psd
0.06273250269777754,5.800220085432679,0.13681479996640009
