idr,acc,psd
0.18366597533044246,17.293732394486813,5.4999512135223496e-08
