idr,acc,psd
0.18366614864687422,17.29374847595186,9.748651598668939e-09
