idr,acc,psd
0.0530798685864081,5.1415546351096655,0.11743909791692388
