idr,acc,psd
0.05753884699666707,5.582349754508157,0.14458796072772742
