idr,acc,psd
0.0623029653997674,5.79123864371806,0.1102731875178665
