idr,acc,psd
0.06294304926815826,5.847537215687776,0.10795806318592646
