idr,acc,psd
0.06229719560295106,5.744066694531746,0.13939831871724473
