idr,acc,psd
0.06350057730699223,5.920024163414393,0.3950023796117542
