idr,acc,psd
1.1768986415288574,12.999605658222922,1.2889667881150427e-08
