idr,acc,psd
0.09314627883097079,9.03650611149084,0.40232772071593975
