idr,acc,psd
0.3376815377386859,3.7338151193661755,0.09207447245917419
