idr,acc,psd
0.06995741012404501,6.59661762748115,0.46682237546299177
