idr,acc,psd
0.06741460240995331,6.240192787278374,0.45088084191972244
