idr,acc,psd
0.2806698351941287,26.42636241274233,2.1869667567923834e-07
