idr,acc,psd
0.0629661495225735,5.743336010735412,0.4053302422050633
