idr,acc,psd
0.28066988680669247,26.426386136706952,1.2202265820556692e-08
