idr,acc,psd
0.04952763353909578,4.80882105101766,0.4642485295937675
