idr,acc,psd
0.3002080790292063,3.317365766335368,0.06478568310158737
