idr,acc,psd
0.23885695738168683,7.366996971022171,0.06899730347097932
