idr,acc,psd
0.16758824484934864,5.148630478271106,0.05731874109003932
