idr,acc,psd
0.4500337917656584,13.735847198266534,9.598706382927137e-09
