idr,acc,psd
0.13917247868577842,4.271070030084298,0.16051165441256993
