idr,acc,psd
0.3897963265337915,11.960298420643358,2.1688715752287983e-08
