idr,acc,psd
0.15349336252073995,4.719921596299988,0.1936962242499335
