idr,acc,psd
0.05429019562398066,5.245560965069162,0.4963982966672178
