idr,acc,psd
0.019016647136610457,1.8325584298706663,0.0041060669167428425
