idr,acc,psd
0.0191301303235392,1.8497660091050943,1.462456686350376e-05
