idr,acc,psd
0.08645731722779967,8.347038307604993,0.4041788192482581
