idr,acc,psd
0.05284703340479013,5.104060417484031,0.10863574636489506
