idr,acc,psd
0.06959733285135819,6.72360112523769,0.32285581916999895
