idr,acc,psd
0.021251915569303427,2.01375151209142,8.265902302301341e-08
