idr,acc,psd
0.019767736174196093,1.8689259234102331,0.001228580640385787
