idr,acc,psd
0.021251653987102877,2.0137256363463307,2.6094821723443278e-09
