idr,acc,psd
0.019093106620909305,1.8467108340445557,0.0012143229833364323
