idr,acc,psd
0.01915716606855268,1.8026434657720833,0.0002726565869123493
