idr,acc,psd
0.019990566959064034,1.893487306541079,0.0013358250635829207
