idr,acc,psd
0.018665861330423413,1.7523492309530313,0.0003588228614081021
