idr,acc,psd
0.01845802534952042,1.785283943832144,0.00016142911366888747
