idr,acc,psd
0.14528847907534964,4.465437768238274,0.028401209735013033
