idr,acc,psd
0.15688213427210143,4.799917198520295,0.03281998895904972
