idr,acc,psd
0.261305237100087,8.016402144179349,8.73199652621712e-09
