idr,acc,psd
0.03626206110247869,1.1094374590834573,1.8305059457288392e-05
