idr,acc,psd
0.03634931336571188,1.1122124657752632,1.8308859517660087e-09
