idr,acc,psd
0.07536450251370605,2.320855181245206,0.00043663260524715286
