idr,acc,psd
0.12583871620210843,12.088819326417333,4.145916866877088e-08
