idr,acc,psd
0.05642433080338064,5.234239957164264,1.8186108886354655
