idr,acc,psd
0.08550741028634964,8.29104246589796,1.8049962388246652
