idr,acc,psd
0.06190386885447849,5.896662466652762,1.3413902570943024
