idr,acc,psd
0.06596647550729913,6.216437225500442,1.3270838556036475
