idr,acc,psd
0.12583861143043099,12.088806962617667,8.111471962656362e-08
