idr,acc,psd
0.0771869298559576,7.468281094411125,1.3307794591441384
