idr,acc,psd
0.056798739196069065,5.263433788579759,1.8421556145932847
