idr,acc,psd
0.05847486890607161,1.7894835576012647,0.00045299014621938806
