idr,acc,psd
0.06937959098436272,6.7154890594411984,0.8828869965513386
