idr,acc,psd
0.06667852641945253,6.179234274751674,0.9085752458418458
