idr,acc,psd
0.19185235228837907,18.191622713748288,1.2227274221050293e-08
