idr,acc,psd
0.19185217348104652,18.19160851343664,1.3697205544649474e-07
