idr,acc,psd
0.0780320861504779,7.116693193367096,0.22595095989328287
