idr,acc,psd
0.07547823809139877,7.297029797670557,0.2777005301575208
