idr,acc,psd
0.06730033426169514,6.238254700161422,0.9075666145527409
