idr,acc,psd
0.0773498073995042,7.055493988798875,0.2259465484540007
