idr,acc,psd
0.04946711261972914,5.552788182253698,0.28378466103587696
