idr,acc,psd
0.2978923858097305,3.2943393571730697,0.03378906152663244
