idr,acc,psd
0.10133894911571813,3.111137385286864,0.013919417873036265
