idr,acc,psd
0.07223521346075092,2.2194719896627397,0.004931190620501584
