idr,acc,psd
0.10794609415417068,3.309909888892348,4.4570616701359315e-09
