idr,acc,psd
0.1794389422696128,5.505807519343229,9.984208351679353e-09
