idr,acc,psd
0.10799897075996077,3.3233674358909076,0.017287300989979316
