idr,acc,psd
0.12177583163760049,3.7421048218421173,0.02132746785522478
