idr,acc,psd
0.030089630953478105,2.8620394342526208,0.20579583254795264
