idr,acc,psd
0.03475578390027771,3.3577577992691268,0.1988445417537445
