idr,acc,psd
0.03313753567621877,3.187076926992117,0.20130312442711065
