idr,acc,psd
0.0377514496757743,3.6266237538903954,1.243784485166275e-08
