idr,acc,psd
0.04837210483395405,4.549992703163472,0.1309928362571621
