idr,acc,psd
0.03775156958447974,3.62664925824862,7.912036682317775e-08
