idr,acc,psd
0.04629264997290097,4.456224017319488,0.12765282302156367
