idr,acc,psd
0.051567229315926735,4.876258808535873,0.1274148190615079
