idr,acc,psd
0.0922031735581629,2.8278645553402546,0.047262287493983236
