idr,acc,psd
0.06463591279615381,6.227346244755147,0.18287945212241974
