idr,acc,psd
0.04366126454062449,4.073767325800696,0.18216635080454321
