idr,acc,psd
0.2029884130413549,19.10724993619384,1.5392472485442197e-08
