idr,acc,psd
0.10402788479282807,3.2015189923520073,0.10141992139260665
