idr,acc,psd
0.05288913746209936,4.859948913434459,0.10700786678622029
