idr,acc,psd
0.05066596881011254,4.901649898222435,0.10133043373886526
