idr,acc,psd
0.055882455531831084,5.127369668813216,0.1044081518507879
