idr,acc,psd
0.34239010226233957,10.496556111235668,1.779021989351677e-08
