idr,acc,psd
0.0987483806558023,3.024903657714768,0.13237374342847172
