idr,acc,psd
0.0412716669316865,3.9403140619443446,0.186537572456361
