idr,acc,psd
0.2029884232522758,19.10724595871596,5.038792798909175e-08
