idr,acc,psd
0.04285636220506327,4.842677330847116,0.05022756480018777
