idr,acc,psd
0.043625531870187514,1.340431124412789,1.882085964694022e-05
