idr,acc,psd
0.10131620535518296,3.1114074073487012,0.171451666983484
