idr,acc,psd
0.05922777833619608,5.622774429924771,0.6948898865452512
