idr,acc,psd
0.16787095635980936,15.91767806884361,1.069886686557552e-08
