idr,acc,psd
0.07587847599360482,7.348582645986767,0.1507296250791003
