idr,acc,psd
0.05918844661918025,5.537151857966517,0.6931223214872281
