idr,acc,psd
0.1678709468141918,15.917678986228854,1.3698531139787043e-07
