idr,acc,psd
0.07404929466323153,7.02709818550314,0.14007548766078967
