idr,acc,psd
0.06508386670024593,6.314628514601108,0.6405056108575778
