idr,acc,psd
0.07240844409689488,6.869462397896738,0.14020368780677084
