idr,acc,psd
0.06817037141130018,2.090649220590253,0.0001933043120432894
