idr,acc,psd
0.06914747838238922,2.1221868446495384,0.023904431690979572
