idr,acc,psd
0.05259250672866793,4.908311148707565,0.2794804773107607
