idr,acc,psd
0.12915225415544968,12.190380690912423,1.3834659104494946e-08
