idr,acc,psd
0.06048711465612948,5.868115559227364,0.27933558376956474
