idr,acc,psd
0.12915197334683648,12.190355559466752,7.492780908594833e-08
