idr,acc,psd
0.05785134254223471,5.5819610940561,0.12994901581112114
