idr,acc,psd
0.05226272538327065,4.836523242584984,0.2596137952719802
