idr,acc,psd
0.0521919696257555,4.8482152814137764,0.12902303599345383
