idr,acc,psd
0.05169726558517013,4.81886888542096,0.12969021435414976
