idr,acc,psd
0.06851070027587591,6.447893018007705,1.0387621459771188
