idr,acc,psd
0.20664291742094762,19.50454273076282,2.21353907795973e-08
