idr,acc,psd
0.06654480949524919,6.221335901700517,1.0196612873485558
