idr,acc,psd
0.05270469827123314,4.844484443381365,0.6605014339252333
