idr,acc,psd
0.06020218980182518,5.811952184431362,1.0377859301099477
