idr,acc,psd
0.07166039942345069,6.944226885215883,0.6558835502777117
