idr,acc,psd
0.20664315356712087,19.504563987409178,7.382996266142909e-08
