idr,acc,psd
0.05118853362471264,4.763296764821135,0.6589591140891363
