idr,acc,psd
0.3012827302998312,3.3401080122031535,0.03188381022939172
