idr,acc,psd
0.0436675660403636,4.034603799359251,0.1371817020745958
