idr,acc,psd
0.04117730329370699,3.859846402199481,0.12652005069646102
