idr,acc,psd
0.048053748075566345,4.4468138397355155,0.17795687295304155
