idr,acc,psd
0.06857489420151253,6.618357241927981,0.350086464652408
