idr,acc,psd
0.07204063677116865,6.541693548188331,0.3589290553341133
