idr,acc,psd
0.07143134166314723,6.5073159390766495,0.12926491283552743
