idr,acc,psd
0.07126487410802125,6.485775411287703,0.12680484749352408
