idr,acc,psd
0.11739495069707336,11.133630305472217,1.2090444866555886e-07
