idr,acc,psd
0.07407159077627656,7.152921101746214,0.12749141642622458
