idr,acc,psd
0.11739510641272288,11.133645482728955,1.0979014615484321e-08
