idr,acc,psd
0.07175322199586366,6.515918885953869,0.36089401726555453
