idr,acc,psd
0.05253803249743536,1.6107285668304494,0.0010187221854851534
