idr,acc,psd
0.01823394914736229,1.7069283397145099,0.001517124239287675
