idr,acc,psd
0.04071266141478859,5.458259226492128,0.15249084205152
