idr,acc,psd
0.056943312587207105,1.746970389782348,8.016321984922873e-05
