idr,acc,psd
0.06979630411693262,2.138549508654144,7.130187906956456e-05
