idr,acc,psd
0.13046531763173388,12.407167788860555,8.70322944092683e-09
