idr,acc,psd
0.07053899159882326,6.452858278216359,0.27219440800766365
