idr,acc,psd
0.13046534621544598,12.407167283520273,1.657417451091939e-07
