idr,acc,psd
0.0778479882984654,7.275656070451008,0.09550403776484656
