idr,acc,psd
0.0782836200972945,7.329723452777838,0.09357693808014307
