idr,acc,psd
0.07094901579547533,6.500408471040844,0.283608419085373
