idr,acc,psd
0.06369921249472006,6.172775839466764,0.2767193465692917
