idr,acc,psd
0.054078133723724754,5.232487261557694,0.09067446822708415
