idr,acc,psd
0.05399145839461177,5.07457596773628,0.37743711416309156
