idr,acc,psd
0.06561670991028552,6.342611189115253,0.4348212420687252
