idr,acc,psd
0.05047379703021493,4.714515514419991,0.36353272666363595
