idr,acc,psd
0.050925611087288325,4.758508961317727,0.4311326326887809
