idr,acc,psd
0.12070491482862539,11.532707811717508,2.4513877132876326e-08
