idr,acc,psd
0.05082505307484535,4.708497294774246,0.47039158156170524
