idr,acc,psd
0.12070494734897017,11.532717984977054,2.2143419411530145e-07
