idr,acc,psd
0.04115913589939414,3.986990217086042,0.3590389253908336
