idr,acc,psd
0.01822113085281738,1.7253057377646788,0.0032073586103823653
