idr,acc,psd
0.04719883735971316,4.780127307503528,0.04583561295200284
