idr,acc,psd
0.040152694641569696,3.6482187061337665,0.010047108025627449
