idr,acc,psd
0.0932860382268226,2.872973961236988,2.2207056229156688e-09
