idr,acc,psd
0.06722495848640987,6.34093442986314,6.890180149094295e-09
