idr,acc,psd
0.03754219977956282,3.6216576267546214,0.015640849034937974
