idr,acc,psd
0.04138173677997148,3.760890695293618,0.006671282434635203
