idr,acc,psd
0.05082851371697011,4.926260268892872,0.005886281259413152
