idr,acc,psd
0.04586203796464148,4.312473425800287,0.005411395975561675
