idr,acc,psd
0.06722494518952243,6.340932673961472,1.0377246913277703e-07
