idr,acc,psd
0.0924684491240473,2.835530169099826,0.006463311923623493
