idr,acc,psd
0.06546271612819567,2.001098524791135,0.0036463903681407616
