idr,acc,psd
0.03601603513074401,3.3321298057826763,0.016595977504859333
