idr,acc,psd
0.24453790753859372,7.509126188965277,0.7758671960730694
