idr,acc,psd
0.2594735422042785,7.956880043644673,4.667769058496395e-08
