idr,acc,psd
0.24453776552707845,7.509122161351887,0.7758671241016053
