idr,acc,psd
0.25798401039160346,7.926247537601175,0.839850750909504
