idr,acc,psd
0.25798396601482976,7.926245741035843,0.8398507472736974
