idr,acc,psd
0.25947421217766065,7.956900802763132,4.667759563035501e-08
