idr,acc,psd
0.12226175362297872,3.746262128181365,0.053824282030620084
