idr,acc,psd
0.03655266865405326,3.51688033935825,0.002441770178725626
