idr,acc,psd
0.03640056863492068,3.529290921672574,0.007199174449126513
