idr,acc,psd
0.027851388854127645,2.589873726986299,0.00473679642416401
