idr,acc,psd
0.032782620925378585,3.047686071670738,0.005925690197861356
