idr,acc,psd
0.027080699158078026,2.5115380802532767,0.0067100534445901396
