idr,acc,psd
0.05092629029392117,4.771286684521374,3.407093898012561e-09
