idr,acc,psd
0.06074707998863088,1.8635155274780253,0.026226724017751047
