idr,acc,psd
0.17772662432000172,5.442192928117862,0.2929044779970711
