idr,acc,psd
0.02178121435598665,2.097353581637177,0.0016221058387263592
