idr,acc,psd
0.020002817390413857,1.9261899231405506,0.001075648689976578
