idr,acc,psd
0.04292951071406338,4.1200667213841315,0.05054624109396071
