idr,acc,psd
0.03226834189464102,3.1218634499813165,0.0009523497205102432
