idr,acc,psd
0.022328708909176785,2.102972825257556,0.0021839071607674433
