idr,acc,psd
0.023982331590914948,2.2739966673705903,1.3706462547137948e-07
