idr,acc,psd
0.023982359042810368,2.2740057783772034,1.5284494779524267e-09
