idr,acc,psd
0.03208716006365524,3.091794713343772,0.0020137172486857716
