idr,acc,psd
0.02255063321389698,2.1189671333377342,0.000843969022504269
