idr,acc,psd
0.02258046317414007,2.122324692331464,0.0008397579343425017
