idr,acc,psd
0.02234051262701493,2.1042211498241556,0.002186931638438413
