idr,acc,psd
0.06245129087430275,6.017584870199431,0.5897468015576144
