idr,acc,psd
0.038307866215197675,3.684419942471962,0.0705514668158687
