idr,acc,psd
0.03720404782043133,3.5774621537484825,0.03441610374931252
