idr,acc,psd
0.1254968174842867,3.8500698462306695,0.2674446780437297
