idr,acc,psd
0.09127509975844936,2.802732291714593,0.005414818979383728
