idr,acc,psd
0.05442943137585343,1.672699112576962,0.0005809732666913555
