idr,acc,psd
0.05601721685656836,1.7217772227631796,8.518889884124324e-09
