idr,acc,psd
0.03436236030669216,3.1908649676090373,0.07934659107850782
