idr,acc,psd
0.057722757614869204,5.0160901756861955,0.5479571732267996
