idr,acc,psd
0.03436225791356587,3.190858715554311,0.07934667853776621
