idr,acc,psd
0.13061095900412967,4.00593204732942,0.05304225194886321
