idr,acc,psd
0.17807505240642024,5.4601228707742955,0.2947864117028233
