idr,acc,psd
0.16032493061377234,4.924347344018294,0.452324516171515
