idr,acc,psd
0.15439618028303562,4.738396110179325,0.5420221423928243
