idr,acc,psd
0.28197613974658386,8.638518625516921,3.071585040515304e-08
