idr,acc,psd
0.04824177493470487,4.571492821028969,0.02995197677855774
