idr,acc,psd
0.04324586887679584,4.103365544575997,0.20687549397618332
