idr,acc,psd
0.04277286535043096,4.053999772709006,0.011029248497872136
