idr,acc,psd
0.22888121168963094,7.0184038445509245,1.2849094270664078e-08
