idr,acc,psd
0.11354550491273724,3.488180144930397,0.07200626231593193
