idr,acc,psd
0.11648454296632586,3.5784578866135734,0.08848759577137497
