idr,acc,psd
0.0651808557933435,6.116263836669539,0.5623792152906993
