idr,acc,psd
0.0646970479995093,6.069772654332834,0.5751420917492108
