idr,acc,psd
0.05836043781431761,5.668418126950649,0.5619573443034948
