idr,acc,psd
0.06158471068572684,5.740161168529734,0.21193532692385447
