idr,acc,psd
0.05819623354587213,5.437698976660551,0.21609421128636475
