idr,acc,psd
0.18637907432630618,17.724519176180987,1.6629312630232895e-07
