idr,acc,psd
0.051119643571390885,4.95397315335204,0.20131219040505277
