idr,acc,psd
0.18637907470609927,17.72451753558634,1.2433183860133569e-08
