idr,acc,psd
0.20349394528048464,6.250642597552853,0.5366270048203562
