idr,acc,psd
0.7016332683890966,21.52853374897763,3.90396910913974e-08
