idr,acc,psd
0.1965202378025967,6.037599404021025,0.5840622135399149
