idr,acc,psd
0.023258424862330294,2.24315607270377,0.0014758302286716654
