idr,acc,psd
0.01570126940468611,1.5167533056532527,0.0010104480655220094
