idr,acc,psd
0.04285636220506327,4.139017253219389,0.05022756480018777
