idr,acc,psd
0.07898496846124037,2.4282647322064608,0.0014648912411513737
