idr,acc,psd
0.04485136041979008,1.3793556491287133,1.1002639059773564e-05
