idr,acc,psd
0.06789906409077262,2.0873625297456377,0.008931034456702808
