idr,acc,psd
0.10507804307621922,3.2291912952880697,0.014480900604074172
