idr,acc,psd
0.08345067849558997,2.561473291905062,5.159436864284415e-09
