idr,acc,psd
0.062190895399739064,1.915322258425176,1.4804584489530633e-09
