idr,acc,psd
0.03460232278925543,3.1910379767183414,0.0024738067521965037
