idr,acc,psd
0.08657122274154926,2.658130910471715,0.003683260223034404
