idr,acc,psd
0.05910624640348,1.8206228060444951,0.00014515857349666188
