idr,acc,psd
0.03567769612858305,3.302785895486851,0.001604668056549971
