idr,acc,psd
0.04481670272126476,4.227299304443401,4.5945145794225e-09
