idr,acc,psd
0.0384692370379515,3.5923924505844487,0.003536354560921179
