idr,acc,psd
0.044816798131886555,4.227313253157747,1.0572267421865753e-07
