idr,acc,psd
0.035376584521889146,3.4152827266167973,0.0012297522336620498
