idr,acc,psd
0.03957735898639589,3.659924138144228,0.0023585592164826223
