idr,acc,psd
0.042149454291565316,4.098408970763172,0.0030780824690313604
