idr,acc,psd
0.2291683355478824,21.47080469472908,1.5331916522567644e-08
