idr,acc,psd
0.05451124899535579,4.985408090615527,0.22321412767116672
