idr,acc,psd
0.06673109801470023,6.436180679542159,0.21106881062933228
