idr,acc,psd
0.07004657290292682,6.7844920730913305,0.21361108362782638
