idr,acc,psd
0.07180574292279772,6.589297909218188,0.21776075313943877
