idr,acc,psd
0.07621973257617479,2.3404334690392905,0.00025367177384215265
