idr,acc,psd
0.23247361743202496,21.942641624792245,7.34640310199333e-08
