idr,acc,psd
0.06540178765435338,6.099097375937118,1.2535291942834226
