idr,acc,psd
0.0603505637587419,5.8372781841597705,1.268173139315972
