idr,acc,psd
0.23247344274867046,21.942623725091302,2.4902332211812933e-08
