idr,acc,psd
0.06655113951364526,6.196877640530426,1.272986068744076
