idr,acc,psd
0.05295818416812723,4.884013905677327,0.9558218216519095
