idr,acc,psd
0.05246166417356106,4.939836160551602,0.9557765833883172
