idr,acc,psd
0.06896721237731215,6.653533976964935,0.9458870766316237
