idr,acc,psd
0.047291687454830346,4.453254504029603,0.34455233881468617
