idr,acc,psd
0.07146899709626466,6.624752549548211,0.11284001724021343
