idr,acc,psd
0.15134680657852054,14.179396981041448,7.353271174350662e-08
