idr,acc,psd
0.07145021806610949,6.629690053324977,0.11492876128661277
