idr,acc,psd
0.07208677537760691,6.95922700261801,0.11784393807404031
