idr,acc,psd
0.046936878717725256,4.427187068063843,0.3425707843116504
