idr,acc,psd
0.04760430205635539,4.584190386850741,0.3316216166588741
