idr,acc,psd
0.15134671669674477,14.179393189657402,1.0735023546120346e-08
