idr,acc,psd
0.03735671111557955,3.594346423923933,0.03652955634606821
