idr,acc,psd
0.08119530897276067,7.6428947310551525,5.302424528105603e-08
