idr,acc,psd
0.07979759510072998,2.4601582962552055,0.027060583286243285
