idr,acc,psd
0.09170172971717881,2.813217668812091,0.01661617954308885
