idr,acc,psd
0.08119523289698083,7.642894437817074,6.156984031522282e-09
