idr,acc,psd
0.03041670737480111,2.9037472083784395,0.043152009017478905
