idr,acc,psd
0.036225556445523444,3.486201396340283,0.017048256044246105
