idr,acc,psd
0.031012342645937566,2.8543097340772996,0.01954468080336104
