idr,acc,psd
0.032004939298682075,3.052018814337412,0.045029905666991284
