idr,acc,psd
0.03439452738897385,3.1995927876357233,0.018750774632180715
