idr,acc,psd
0.13695629968196488,4.198630154462912,7.116044082101276e-09
