idr,acc,psd
0.0652306199121953,6.230586018584463,0.24927327114382336
