idr,acc,psd
0.07039524051550068,6.729663316131487,0.8525889980955629
