idr,acc,psd
0.06841551485985736,6.517163782029903,0.42513268017933514
