idr,acc,psd
0.019570625204133427,1.8325613502645481,0.000736880124611071
