idr,acc,psd
0.020298919677576202,1.9107378850464376,5.434246493626133e-08
