idr,acc,psd
0.020298981058548892,1.9107452582667952,1.539202612163084e-09
