idr,acc,psd
0.03423979220712211,1.04967939539145,1.7790165564489669e-09
