idr,acc,psd
0.06290909390333643,1.9311101373563602,0.0014977536146732879
