idr,acc,psd
0.019520966313374195,1.8190552011429353,0.0006305000641459349
