idr,acc,psd
0.034019297604068056,1.0429329369080595,3.195628001428541e-05
