idr,acc,psd
0.018740195489781727,1.810510872243181,0.0007162331224101596
