idr,acc,psd
0.019630327580839897,1.8794848941088385,5.184361687868314e-05
