idr,acc,psd
0.02230400956663702,2.0897299087311727,0.0004180086820717928
