idr,acc,psd
0.0210166305187818,1.9746585894227946,0.00015171809606320474
