idr,acc,psd
0.06942460483480516,6.700173498224081,0.3230698644965883
