idr,acc,psd
0.08602100636739941,8.29949191798758,0.4044685835552269
