idr,acc,psd
0.05288032290216763,5.106879822836093,0.10870048738135114
