idr,acc,psd
0.05165655094249739,5.006463655875487,0.1008757136509631
