idr,acc,psd
0.2739124659152915,8.397256438259383,1.423216035840507e-08
