idr,acc,psd
0.16239065744034967,15.285795574245535,5.126669387612685e-08
