idr,acc,psd
0.037285418783836115,3.498479927283155,0.10150258715662987
