idr,acc,psd
0.10157515776143906,3.1202056520926007,0.08636103818380801
