idr,acc,psd
0.03989808457593265,3.6065944360851736,0.09929982281179434
