idr,acc,psd
0.11475624633363266,3.5252173609709767,0.06616860197064392
