idr,acc,psd
0.1623906846342535,15.285794596478942,1.231396895565872e-08
