idr,acc,psd
0.03967818578219127,3.713662451058282,0.1321020445440679
