idr,acc,psd
0.046317933667919954,4.493532323290259,0.1245847809704495
