idr,acc,psd
0.03723913869935769,3.5026851058813007,0.13176160333267073
