idr,acc,psd
0.13734773838490041,4.217810834868209,0.32249006685866877
