idr,acc,psd
0.13734847940708847,4.217833001182607,0.322490488933775
