idr,acc,psd
0.31279837111490955,29.62905357088173,8.462308607184137e-08
