idr,acc,psd
0.4015505256327895,12.312288288732207,2.88187715841475e-08
