idr,acc,psd
0.07841299558674505,7.260315025579471,1.1295458133319871
