idr,acc,psd
0.02419977262029286,2.2934100155117347,9.618512191175722e-08
