idr,acc,psd
0.0241996767912676,2.2934041533298313,2.2005646335573587e-09
