idr,acc,psd
0.027508081001131612,2.680658464162399,0.003088877616230502
