idr,acc,psd
0.020938489128693782,1.9760415228871167,0.004312387206070704
