idr,acc,psd
0.020050665866879966,1.8822349331541577,0.000407658185679728
