idr,acc,psd
0.15889422911634055,15.190234283945754,4200.968780459156
