idr,acc,psd
0.35324287435901974,3.9027130407620922,0.27750590591104896
