idr,acc,psd
0.020927505884459626,1.9769624194765119,0.0043582447969902505
