idr,acc,psd
0.34073499115010014,3.7671092774296864,0.2593732867374751
