idr,acc,psd
0.02925510428309173,2.807102327280901,0.0008873738406766026
