idr,acc,psd
1.4734943854090765,16.262309828907917,3.2372283610968036e-08
