idr,acc,psd
0.16961293000347918,5.228194564749663,0.25058969559738875
