idr,acc,psd
0.019970738539760672,1.874723889332543,0.0003595030126573659
