idr,acc,psd
0.08178178546476197,7.951291074499434,0.6712928872886722
