idr,acc,psd
0.04093880554929804,3.844486398754249,0.052144047616839564
