idr,acc,psd
0.05927264107328653,5.356682700001189,0.4968376173508749
