idr,acc,psd
0.04093880124160042,3.8444869853823764,0.05214400093621921
