idr,acc,psd
0.016816905458692438,1.5755280708605515,7.356001379289428e-08
