idr,acc,psd
0.016193644548023117,1.5188566858950558,0.0007810297039276443
