idr,acc,psd
0.02460136636485063,2.3794748903722662,9.000343546264355e-05
