idr,acc,psd
0.014761877875231741,1.3958287906320972,0.0002823060237572639
