idr,acc,psd
0.01482191328792336,1.408894853251205,0.0002776510332078105
