idr,acc,psd
0.01681702205448464,1.5755363189720586,1.1929257214510573e-09
