idr,acc,psd
0.01625053262919604,1.523868208793047,0.0007817449939865704
