idr,acc,psd
0.022874270084762813,2.2030619099438957,0.0009598577731672337
