idr,acc,psd
0.08602708083207697,2.652877991744554,0.00354422933307779
