idr,acc,psd
0.05151252344558989,1.5803828925547505,2.908358442276985e-05
