idr,acc,psd
0.05226257824267352,1.6033269667700776,1.7463923820099871e-09
