idr,acc,psd
0.4221536259277349,12.949622843066802,1.610116812022134e-08
