idr,acc,psd
0.12168035102401509,3.7372594811208857,0.11734133356887351
