idr,acc,psd
0.11264744052266779,3.4618375088259117,0.1512500329303915
