idr,acc,psd
0.5276914098379841,16.187008523343547,2.0126514000418384e-08
