idr,acc,psd
0.1279479649143144,3.9344602172377563,0.20555592411696197
