idr,acc,psd
0.14234157517448343,4.369574731810299,0.16122540292139653
