idr,acc,psd
0.010282751627161461,0.9752292476173896,0.0006276343696120779
