idr,acc,psd
0.06796316463806788,7.761319627064301,0.047649840931286866
