idr,acc,psd
0.07482908229242248,7.744376465203996,0.13684337759013282
