idr,acc,psd
0.010080151298580264,0.9548089721149515,0.0020181091582285953
