idr,acc,psd
0.1790571173309487,5.488884864105167,0.035419583643748295
