idr,acc,psd
0.2180941220465814,6.673219472642456,1.0985320831855619e-08
