idr,acc,psd
0.13662929145606578,4.2208666881090915,0.019456556817854263
