idr,acc,psd
0.24029701102520662,7.376659170798556,1.908212889922065e-08
