idr,acc,psd
0.12820469511050886,3.929213285734999,0.17674926748566663
