idr,acc,psd
0.149927822746231,4.608603459738577,0.1345532720279541
