idr,acc,psd
0.13332180937675153,4.099286527207886,0.19805453536516143
