idr,acc,psd
0.3809815203661962,11.680313504079358,2.4386199851463996e-08
