idr,acc,psd
0.1464362338046423,4.502090265261405,0.17684010314738866
