idr,acc,psd
0.13332125116413904,4.099269089508518,0.19805478557982856
