idr,acc,psd
0.38098133271246454,11.680307700573428,2.4386172009116473e-08
