idr,acc,psd
0.25408333509639935,24.067376247480862,8.57153022911875e-08
