idr,acc,psd
0.06620933914424065,6.207085369772713,0.7745351374326416
