idr,acc,psd
0.05052349256680666,4.801689182666266,0.35736842756638515
