idr,acc,psd
0.07182546127999874,6.665765740758001,0.364852919724297
