idr,acc,psd
0.2540833622794514,24.067385210882268,1.7361731714827605e-08
