idr,acc,psd
0.06449400818096154,5.942370758707841,0.7601081412516346
