idr,acc,psd
0.07441422924284576,7.217633378182939,0.7637760268794745
