idr,acc,psd
0.10255565932192774,9.915576727341922,0.38003072866401966
