idr,acc,psd
0.014646517204285366,1.3852690344307532,0.00222334486245479
