idr,acc,psd
0.08557155224356124,7.918024820638319,0.14057993634174384
