idr,acc,psd
0.055234966427573265,5.3235225077612895,0.4916494757816334
