idr,acc,psd
0.13011048634235614,12.25828886687228,3.805124763579916e-07
