idr,acc,psd
0.13011049019025728,12.258289368543581,1.4542104202356344e-08
