idr,acc,psd
0.05633951765118926,5.4321316533539825,0.09643869932389974
