idr,acc,psd
0.06013589207912767,5.598012009568626,0.09362015912448343
