idr,acc,psd
0.050401249905374534,4.576000398150998,0.5266919603797026
