idr,acc,psd
0.05965293939409627,5.539345561032158,0.09417541765287074
