idr,acc,psd
0.15018566151980564,4.610413465480157,1.1926318442328423e-08
