idr,acc,psd
0.10632099512903617,3.27428066656565,0.07448962095667988
