idr,acc,psd
0.15351608696384017,4.712538173676235,0.04646131836161379
