idr,acc,psd
0.1660093809701137,5.141756450278913,0.33719411398509797
