idr,acc,psd
0.15713032401562047,4.825635290513395,0.2748352206044979
