idr,acc,psd
0.49451923592555735,15.159037023317936,3.050192579154697e-08
