idr,acc,psd
0.08881783564341567,8.593548419386488,0.5497974032603082
