idr,acc,psd
0.09211711972804647,8.900910623698907,0.9946415440069079
