idr,acc,psd
0.290380902427802,27.5055734737114,1.984938718245437e-08
