idr,acc,psd
0.06839368650014577,6.399685165177025,0.9832065756414798
