idr,acc,psd
0.2903807642333894,27.505558256619814,8.504117950583647e-08
