idr,acc,psd
0.07992628991794226,7.437428360892538,0.5281851996594892
