idr,acc,psd
0.07486580860783593,6.891399301717164,0.5426527135495025
