idr,acc,psd
0.07101810779628302,6.599393151140611,0.986268736393907
