idr,acc,psd
0.47492194050036346,14.56829749176987,1.8113863224572537e-08
