idr,acc,psd
0.12058823723994996,3.705318428780936,0.1791273641432166
