idr,acc,psd
0.1293974925880804,3.9739277612453376,0.13811398781438403
