idr,acc,psd
0.04675008854798713,4.5207669393863705,0.03643982684494135
