idr,acc,psd
0.06066996924380441,5.862327791912421,0.08599416699159569
