idr,acc,psd
0.050249502877012076,4.859591637429459,0.24736718684819525
