idr,acc,psd
0.4500598359501736,13.821578164333108,1.9141202815600642
