idr,acc,psd
0.44447058830761055,13.647210093651303,1.7736647206262444
