idr,acc,psd
0.4324563800415536,13.261481126594127,7.77960606728313e-08
