idr,acc,psd
0.45005987384480395,13.821582544496632,1.9141213910196293
