idr,acc,psd
0.4444711564093159,13.64722883659848,1.773664414184789
