idr,acc,psd
0.4324562445899253,13.261477043511096,7.779601289222509e-08
