idr,acc,psd
0.14170882552860828,4.354476887640712,0.07493463028099125
