idr,acc,psd
0.3115110611166546,9.572362934976214,1.444176377793272e-08
