idr,acc,psd
0.119556906062222,3.6903740374067002,0.0822130065838185
