idr,acc,psd
0.04553134292786299,8.035648705278826,0.05238394517042438
