idr,acc,psd
0.08468620303490229,7.734044032834779,0.6637282764705482
