idr,acc,psd
0.03605826719569778,1.1057084979437284,4.938931907621714e-05
