idr,acc,psd
0.03630042555109606,1.1131152984942663,2.037875698191396e-09
