idr,acc,psd
0.05449934736510077,1.6729078210750334,0.000255254039932755
