idr,acc,psd
0.05077223848961519,4.7496526737284785,0.09670826117919842
