idr,acc,psd
0.05018017176624919,5.132093196034257,0.24730306349687425
