idr,acc,psd
0.05864575549448162,6.36626387549813,0.1231151750033508
