idr,acc,psd
0.04402967904159944,4.245410670629269,0.06929708996121409
