idr,acc,psd
0.04184844839240081,4.040311431013679,0.04692084186080985
