idr,acc,psd
0.036133063160084744,3.4826104101459823,0.018907986711041325
