idr,acc,psd
0.09982885371425637,3.068423667036597,0.02557513486558171
