idr,acc,psd
0.05198088101706066,4.988582738037165,0.29433808004368495
