idr,acc,psd
0.017591033385267726,1.6821666408109908,0.00151285801904051
