idr,acc,psd
0.017676425086689405,1.6903987906597984,2.0866209105390866e-05
