idr,acc,psd
0.5442592966388267,16.686162243138448,3.48374776160189e-08
