idr,acc,psd
0.1601733633385865,4.918720807865437,0.2845492850128309
