idr,acc,psd
0.15033020073714304,4.62103916289798,0.31732652770197706
