idr,acc,psd
0.5442589160102309,16.686150866588797,3.483756152987936e-08
