idr,acc,psd
0.1503302459409003,4.621043202145223,0.31732658924490437
