idr,acc,psd
0.0835770160706167,8.068672020956456,1.1360483958434364
