idr,acc,psd
0.061427474498003766,5.92737570063462,0.29948539340583835
