idr,acc,psd
0.08066583800331657,7.788630776141474,0.6717812194821153
