idr,acc,psd
0.08150408864255072,2.4942147850400795,0.002174288084794127
