idr,acc,psd
0.1286449755815041,3.9462093495456507,0.15148569725243677
