idr,acc,psd
0.41534757642873515,12.763135143101136,1.9255800299163057e-08
