idr,acc,psd
0.1555220547576651,4.790629304146718,0.12680645124431936
