idr,acc,psd
0.10669742947352437,3.277706457725476,0.04648149988723739
