idr,acc,psd
0.17166142751310148,5.263818905392645,9.636966093349732e-09
