idr,acc,psd
0.10172395919460714,3.1291963911398524,0.06448001331316788
