idr,acc,psd
0.09782912866944454,9.278026440449016,9.149125670548387e-09
