idr,acc,psd
0.05905121137927619,5.412569998051811,0.25799793089994705
