idr,acc,psd
0.06166664892038841,5.575898214644235,0.10047419925603294
