idr,acc,psd
0.061652542671821214,5.573392516719831,0.10201649545142828
