idr,acc,psd
0.09782932056120243,9.27804281872641,1.2085133366147677e-07
