idr,acc,psd
0.057482392563690025,5.542621065652324,0.2413841747937743
