idr,acc,psd
0.0591682825207605,5.720075017074765,0.09574645014733284
