idr,acc,psd
0.07582360131845514,6.951701651824872,0.4272687371128123
