idr,acc,psd
0.05845708309953843,5.3935731690904705,0.33592532884456994
