idr,acc,psd
0.05871752150818366,5.375676497487643,0.11048872425214737
