idr,acc,psd
0.024155333510524683,2.332214657220676,3.448373810246124e-05
