idr,acc,psd
0.022193389529771308,2.1388168435899053,0.0016566054102724178
