idr,acc,psd
0.04842239746505384,4.664309862343636,0.2862617419425732
