idr,acc,psd
0.07674789700454573,2.3578153597755405,0.017751146036533345
