idr,acc,psd
0.055495345156374894,1.7001350837764866,6.04539680797033e-09
