idr,acc,psd
0.04449607699086423,5.2412425886991505,0.44236616886879937
