idr,acc,psd
0.03390841168201855,3.2946647418034534,0.026937903707087884
