idr,acc,psd
0.030176771914678362,2.8832477424610676,6.128467758027544e-09
