idr,acc,psd
0.03145789467694481,2.929427745313522,0.029817665664779888
