idr,acc,psd
0.026558728099502393,2.506541530547456,0.020994771077436285
