idr,acc,psd
0.030176802122541597,2.883251270086883,2.23796347120665e-07
