idr,acc,psd
0.02787592405191837,2.6158951988278814,0.025300909938601027
