idr,acc,psd
0.026391223986582012,2.4956998431735244,0.01749641985025259
