idr,acc,psd
0.02596843655511002,2.490250203869552,0.01870497080027604
