idr,acc,psd
0.3386689500037371,3.7478380445676227,0.07448838965415759
