idr,acc,psd
0.3365304442542193,3.7271214359120446,0.08059065526161396
