idr,acc,psd
0.3388120556240909,3.7498480782139363,0.07454765796375117
