idr,acc,psd
1.0916070931368305,12.046107618713679,1.95359344502028e-08
