idr,acc,psd
0.018217503216976898,1.7099329202620794,0.0008587258218970059
