idr,acc,psd
0.047368914020851645,4.37519062406194,0.10643363132744899
