idr,acc,psd
0.07769053770005199,2.3934631530115973,0.0008885380118461271
