idr,acc,psd
0.1817454336567933,5.561026283237757,9.154449155277974e-09
