idr,acc,psd
0.12872273081956062,3.987973069036768,0.0115346323376455
