idr,acc,psd
0.17105429663282662,5.233654052394485,0.02657148637181837
