idr,acc,psd
0.012391967085735608,1.198572956231435,5.029845083722051e-05
