idr,acc,psd
0.012583685737086544,1.20887800064452,4.1458987323703306e-09
