idr,acc,psd
0.012359959596544505,1.1848937284446217,9.846771285675987e-05
