idr,acc,psd
0.012149531818203918,1.175125048759784,0.0012202297556070452
