idr,acc,psd
0.012583758779786968,1.2088894951819213,7.855055878643046e-08
