idr,acc,psd
0.012231057672240975,1.1715800384864572,0.0001783026995379995
