idr,acc,psd
0.012704990695641547,1.219471431529073,0.0012218240883867621
