idr,acc,psd
0.01290124178735108,1.2388057566114292,0.001336937539274336
