idr,acc,psd
0.09438274627578527,2.894155883159532,0.015182229333622597
