idr,acc,psd
0.07921395474834485,2.427929660421487,0.002055859184307354
