idr,acc,psd
0.0374785267319408,3.6028247308667525,0.03512859490499798
