idr,acc,psd
0.06434997286988198,6.186342907946848,0.5933356774536851
