idr,acc,psd
0.03892581140275567,3.7478379689619623,0.07114987137933326
