idr,acc,psd
0.0604654905225301,5.851024385403544,0.5843364894382099
