idr,acc,psd
0.03649200533460589,3.5315230742186645,0.033747763867251625
