idr,acc,psd
0.035931519496965665,3.4717529588868707,0.06986593759926685
