idr,acc,psd
0.11204161430291713,10.56823330442346,9.98729152223665e-08
