idr,acc,psd
0.059614071988153744,5.50842441617334,0.031124320448340827
