idr,acc,psd
0.06889123058514018,6.677862746736331,0.03675798055375975
