idr,acc,psd
0.11204156134715533,10.568229234847449,1.1491911429912402e-08
