idr,acc,psd
0.15547600190342326,4.788267655255972,3.701189418248648e-09
