idr,acc,psd
0.03508175032133463,3.2554735753067034,0.03377457271295677
