idr,acc,psd
0.057686513483838034,5.2990835802144245,0.028471530859536617
