idr,acc,psd
0.03799072731294152,3.694611950113902,0.015079384417378553
