idr,acc,psd
0.11178771672078504,3.4250663894018203,0.013782859041505172
