idr,acc,psd
0.13134684084474907,4.022480011290357,0.016745188034264866
