idr,acc,psd
0.06083203874045291,5.600962398154617,0.024390437117201954
