idr,acc,psd
0.24876084734776469,7.661204984369343,5.921893842308581e-09
