idr,acc,psd
0.05614842405159066,5.120037936028056,0.07032082035060956
