idr,acc,psd
0.07526822536998565,7.278958578531101,0.0568559263969581
