idr,acc,psd
0.13500819447952697,4.187484535749476,0.03147990583926831
