idr,acc,psd
0.06928513470665448,6.706216070403954,0.06785250321533348
