idr,acc,psd
0.15919986795709715,4.902697580126677,0.026156931594251157
