idr,acc,psd
0.17926653469479703,16.90916941182099,1.8383545450974822e-08
