idr,acc,psd
0.07794677931371129,7.1099853396144646,0.06509202857054415
