idr,acc,psd
0.04248090327155944,3.9332691901079855,0.08163057373967923
