idr,acc,psd
0.07291199083713999,6.693180367052526,0.05745642061615886
