idr,acc,psd
0.17926654447876222,16.90917097660555,9.40215737130678e-08
