idr,acc,psd
0.09070577800537513,2.7911978086884273,0.004101330936167321
