idr,acc,psd
0.051919438998250696,1.5954229979197911,2.406998249398311e-09
