idr,acc,psd
0.051095666541374485,1.5702570555793351,0.00036415667049039213
