idr,acc,psd
0.041540131604174045,4.000102749352936,0.008895790524366514
