idr,acc,psd
0.045987134171077755,4.288197304922801,0.03367542100334762
