idr,acc,psd
0.048914368417308035,4.634928817512459,8.32026031036958e-08
