idr,acc,psd
0.04891456199092065,4.634947954252117,6.006251914804402e-09
