idr,acc,psd
0.042635184040597573,4.149868398915311,0.026153227041411563
