idr,acc,psd
0.044403689953428686,4.141976509986023,0.03606623806662491
