idr,acc,psd
0.04012608829803921,3.737723055610887,0.01315351126021292
