idr,acc,psd
0.1790767839421061,16.82047981769131,1.0970874250396701e-07
