idr,acc,psd
0.054693916969098935,5.095791059564308,0.04143439361399777
