idr,acc,psd
0.053198063989536123,5.162602646212928,0.04534458326277667
