idr,acc,psd
0.06879247354298888,6.305600991797713,0.16849989987638794
