idr,acc,psd
0.17907688693808915,16.820490006484913,7.718501687939332e-09
