idr,acc,psd
0.061756007389062825,5.978958951544575,0.16509488703835093
