idr,acc,psd
0.05483311242785488,5.108719879876741,0.04182732616391842
