idr,acc,psd
0.06892232395428363,6.318770925936451,0.16882684107782278
