idr,acc,psd
0.04669612330012094,4.46375657109594,0.10222063030897172
