idr,acc,psd
0.023040408151788896,2.21491981137883,0.0012464200679558222
