idr,acc,psd
0.0466960708058722,4.463751889563034,0.10222059052611981
