idr,acc,psd
0.025094077158232718,2.4077258469635137,0.0007830117136178214
