idr,acc,psd
0.15317881264413413,4.732846952373529,0.04682151538291328
