idr,acc,psd
0.4050306641773283,12.362270200453587,8.638835063929182e-09
