idr,acc,psd
0.2325745240286507,7.173575865821968,0.058638015521262
