idr,acc,psd
0.08254937833464844,2.531896900284406,0.002894312336553735
