idr,acc,psd
0.12529839420503436,3.8467743152550686,0.3000822643182424
