idr,acc,psd
0.12529844875494975,3.8467756955619854,0.30008230285758514
