idr,acc,psd
0.043922571278649125,4.229207393103729,0.21010029422245302
