idr,acc,psd
0.043385381494754814,4.17875242048076,0.009888925177734856
