idr,acc,psd
0.04520005096491842,4.35435200792372,0.027470260179124056
