idr,acc,psd
0.06426514060901521,6.631880742319807,0.16740080717964137
