idr,acc,psd
0.010337895102404982,0.9804663148799135,0.0006368747773546656
