idr,acc,psd
0.08433231406426273,2.5866580390572134,0.006335772109337899
