idr,acc,psd
0.06850934097291095,6.470027116406776,0.9083882040923138
