idr,acc,psd
0.06850952838416753,6.4700949320177905,0.908388368072424
