idr,acc,psd
0.07605614688277926,9.019879421213833,0.21955985180493812
