idr,acc,psd
0.023158978433662394,2.233923475953808,0.0014999510250250647
