idr,acc,psd
0.043167002170432615,4.165915600076419,0.05017912539311185
