idr,acc,psd
0.016981690958840587,1.6388533798505782,0.0010195272951042745
