idr,acc,psd
0.040278245920924376,3.88969068934406,0.1770586907301315
