idr,acc,psd
0.032269274425247,3.1108635428193248,0.13678995736946414
