idr,acc,psd
0.03920072425009074,3.789484418111963,0.11928549913703701
