idr,acc,psd
0.07704039982193613,2.3628771484341367,0.0003017074072057689
