idr,acc,psd
0.04018260122583867,3.778373231613428,0.024829873045405543
