idr,acc,psd
0.05591384814375616,5.3173799593296724,1.6500661162886927e-07
