idr,acc,psd
0.036990757081998206,3.557837638379755,0.04922978315137244
