idr,acc,psd
0.03982521612019787,3.8602278697471757,0.026164634759695007
