idr,acc,psd
0.05591384920736012,5.317378147000479,3.7299484413815955e-09
