idr,acc,psd
0.03396404117433433,3.2956783956501603,0.05508818456756247
