idr,acc,psd
0.034764872290593836,3.252730845315698,0.057676941531196
