idr,acc,psd
0.03866310274140556,3.662800577602681,0.02295840886365507
