idr,acc,psd
0.147007698289843,4.530170236987578,0.12179939197316936
