idr,acc,psd
0.14700794153627567,4.5301773430355,0.12179948319913256
