idr,acc,psd
0.27212920726968515,8.34306715973317,1.7418675431019952e-08
