idr,acc,psd
0.2721296747683219,8.343081458964352,1.7418601110491445e-08
