idr,acc,psd
0.14319301225864256,4.401743924001113,0.10542601111515452
