idr,acc,psd
0.048032465949734225,8.436319675842455,0.04514895435772604
