idr,acc,psd
0.08755394303927973,9.67055480052019,0.23713302193129177
