idr,acc,psd
0.03846061612644058,3.613977421287118,0.024159026474067955
