idr,acc,psd
0.042066486425891954,4.063198371919045,0.04675604882657852
