idr,acc,psd
0.09722620430407028,2.980326118658215,0.023002365400792774
