idr,acc,psd
0.04275015111526945,4.128753321243675,0.06844246471907664
