idr,acc,psd
0.03593600187347291,3.473948331153922,0.018754238378439304
