idr,acc,psd
0.4172540895854755,12.80737902288033,2.579734240686359e-08
