idr,acc,psd
0.14903532814810366,4.576880508163512,0.41699940171214095
