idr,acc,psd
0.1591536533804854,4.885972626571503,0.3766222724748037
