idr,acc,psd
0.061546901543317795,5.954731321461888,0.032116490514116164
