idr,acc,psd
0.1875249821308947,17.414614584497276,1.2308008386392392e-07
