idr,acc,psd
0.0535436639984203,4.786836262975511,0.15865926725881643
