idr,acc,psd
0.05588133439855756,5.021647715083146,0.034742928274378956
