idr,acc,psd
0.18752501427221985,17.414615628618222,1.355855535355206e-08
