idr,acc,psd
0.05517021070355247,5.03017883028948,0.05138999373164521
