idr,acc,psd
0.056502689036840276,5.094010908320962,0.12291091376261147
