idr,acc,psd
0.06087483537419769,5.891066273452489,0.11745754881667275
