idr,acc,psd
0.2943072737117612,9.039045412237117,1.026399440128437
