idr,acc,psd
0.2943069731409374,9.039038489112675,1.0263984203182417
