idr,acc,psd
0.30271928601092096,9.283031586354394,5.445719699221213e-08
