idr,acc,psd
0.3027190602336929,9.28302463418554,5.445714267346844e-08
