idr,acc,psd
0.2774223377935838,8.51794986035744,0.9516209590011426
