idr,acc,psd
0.27742224704839147,8.517946800049396,0.9516204221216537
