idr,acc,psd
0.08352606544057742,8.028131803803563,0.40688223274657365
