idr,acc,psd
0.06902799314047957,6.648645172044564,0.3254669563782185
