idr,acc,psd
0.052638271598249534,5.05446284472962,0.1089066549953159
