idr,acc,psd
0.07472803244603518,7.990590665510214,0.07780489502177211
