idr,acc,psd
0.038532847993030445,3.639367385625876,0.011363235331796733
