idr,acc,psd
0.1441718525138284,4.429426632543208,0.16817973383277085
