idr,acc,psd
0.1421929635919744,4.363637423469336,0.21518448494034872
