idr,acc,psd
0.27033403175863024,8.298737608199929,2.1467416889293416e-08
