idr,acc,psd
0.051069991756658724,1.5628006624739332,3.202872393667809e-05
