idr,acc,psd
0.06623434454357484,6.393803574081053,0.1273761224898636
