idr,acc,psd
0.16478263953760205,5.041546810015195,0.06605827910922099
