idr,acc,psd
0.06720159463339186,6.4845104302388075,0.1761104916954818
