idr,acc,psd
0.05737729587433594,1.761993736029283,0.0011767034547521297
