idr,acc,psd
0.020532872310815787,1.9808510415530582,4.638992154868184e-05
