idr,acc,psd
0.02043409931768433,1.9772794913495417,0.0020905415063672593
