idr,acc,psd
0.07234315665089372,6.982866872771621,0.1516696930956559
