idr,acc,psd
0.06850658478833388,7.450298862153959,0.10592229735301227
