idr,acc,psd
0.07020591776062036,2.1545042492206776,0.0012006043286770965
