idr,acc,psd
0.07559102697352521,2.304595161039151,0.0014160394315029137
