idr,acc,psd
0.010779469096577147,1.0155135413165965,0.0039609451154405135
