idr,acc,psd
0.06194945312421324,5.93435509162907,0.2787591546182868
