idr,acc,psd
0.010871069130615476,1.0317126834544113,0.0006928519124721772
