idr,acc,psd
0.0395348209563673,5.186138526468828,0.05941876016242479
