idr,acc,psd
0.07715749582361235,7.451267520896001,0.8463654768423641
