idr,acc,psd
0.07082743626072716,6.839708771395662,0.42132700916343074
