idr,acc,psd
0.06638678582718893,6.41010241378935,0.24468015961531048
