idr,acc,psd
0.04563752622023662,4.409511968349234,0.1166284952132532
