idr,acc,psd
0.042873322046933296,4.047855473863785,0.1182365998156222
