idr,acc,psd
0.05350646322139683,5.087700619208841,0.24884909012904263
