idr,acc,psd
0.05012402668019492,4.873442868737048,0.24768010404586135
