idr,acc,psd
0.17037095554196183,16.07176998331285,8.154331206760998e-09
