idr,acc,psd
0.1703708843039004,16.071645661032417,1.0806840442545676e-07
