idr,acc,psd
0.054316479521199224,5.102925872783551,0.2519088852120015
