idr,acc,psd
0.04538935583614058,4.271127566771727,0.12069091939793206
