idr,acc,psd
0.062322447549876474,6.014994260629131,0.05682000160302935
