idr,acc,psd
0.04579856826504392,4.3170224948472615,0.05531546579017478
