idr,acc,psd
0.04565472886561623,4.191705018571258,0.12520409301357702
