idr,acc,psd
0.049416518914457856,4.785019430861264,0.11464244019938956
