idr,acc,psd
0.10332207335678402,9.752330287559507,7.529385290303503e-08
