idr,acc,psd
0.10332204030483122,9.752326902527901,1.1067704732826825e-08
