idr,acc,psd
0.0458871388256413,4.318070981298491,0.05624975628699965
