idr,acc,psd
0.045708303200308706,4.208940418780005,0.11468291451081986
