idr,acc,psd
0.02492568758378236,2.3943430462592263,0.0016600421938005117
