idr,acc,psd
0.02502451891076125,2.425857674648997,7.990553689265272e-05
