idr,acc,psd
0.04888391698240003,4.709809863865492,0.2846187013971329
