idr,acc,psd
0.08462913956571023,2.60708701564589,0.056658155788578635
