idr,acc,psd
0.08517983450963573,2.6098858309053625,1.0512815037449727e-08
