idr,acc,psd
0.07954151261728487,2.4436273837720215,0.026007100677163095
