idr,acc,psd
0.05021149726710572,4.84608975243986,0.24766308637218318
