idr,acc,psd
0.047175933479625363,4.536467482866412,0.036457279935448485
