idr,acc,psd
0.06020938989257866,5.8061912330596215,0.08649684728442891
