idr,acc,psd
0.10129463736019101,3.1083640115082005,0.1660127384425416
