idr,acc,psd
0.16250451423301354,5.0127435595475935,0.18741121290454005
