idr,acc,psd
0.17069118136974695,5.252416151304942,0.163645865209982
