idr,acc,psd
0.4672660056432355,14.358526599543568,2.1662690963020514e-08
