idr,acc,psd
0.131357491858974,4.028738155966145,0.054924575483508147
