idr,acc,psd
0.16159993448271812,4.970239634072,0.21206874074146048
