idr,acc,psd
0.43540735763935023,13.348927076714991,2.7869904980817143e-08
