idr,acc,psd
0.15345373269592688,4.725415271755046,0.23694908825427405
