idr,acc,psd
0.4354074110654519,13.348928954021979,2.7869931724460787e-08
