idr,acc,psd
0.15345304887644262,4.725395017911138,0.23694897983110091
