idr,acc,psd
0.05081182271651986,4.936233817725537,0.0024596552704502245
