idr,acc,psd
0.04581281970844049,4.441038041453832,0.014807623398692717
