idr,acc,psd
0.039460928301971135,3.568439572741133,0.00246423177147099
