idr,acc,psd
0.09376245994698613,8.707286035551839,1.275076883313619e-07
