idr,acc,psd
0.04075758968472283,3.6806523405615574,0.003989501237844083
