idr,acc,psd
0.09376258207310093,8.7073006601654,6.779326483183474e-09
