idr,acc,psd
0.03924590598001581,3.548791780091937,0.010471665954564374
