idr,acc,psd
0.04013547056614769,3.64954659480738,0.014549574198675216
