idr,acc,psd
0.04345950453955258,4.193460296799009,0.06890963805150856
