idr,acc,psd
0.042004412453886336,4.055107188097002,0.046847250235613744
