idr,acc,psd
0.09962764100189471,3.0584424037657336,0.02458529843984758
