idr,acc,psd
0.03601546707295443,3.4765899189595686,0.01884849951083372
