idr,acc,psd
0.04299615842927714,4.313873873977654,0.05120014036994524
