idr,acc,psd
0.041791616354571466,3.9244398856359806,0.03855755858689116
