idr,acc,psd
0.04179160115102259,3.924436122978492,0.038557565954357526
