idr,acc,psd
0.07450331854770789,7.115292485205718,0.17974123989946053
