idr,acc,psd
0.07187343399614805,6.861746610084522,0.12326267693149116
