idr,acc,psd
0.1580599510053323,4.820902477433071,0.07710777915206814
