idr,acc,psd
0.06582864091340418,6.357076945618799,0.19104821513983167
