idr,acc,psd
0.060891250428305635,5.6048677858852285,0.10764936957208597
