idr,acc,psd
0.05359855405146168,5.092678880162614,0.09188791301568118
