idr,acc,psd
0.055218003077081405,5.072456347409957,0.18971153443928676
