idr,acc,psd
0.14519056808058386,13.752790990634505,9.924093351352279e-09
