idr,acc,psd
0.0590263074770781,5.385655601482304,0.17549059717115859
