idr,acc,psd
0.1451904411020959,13.752789759114528,8.773044217773331e-08
