idr,acc,psd
0.08265153258553766,7.982063138629709,0.11165311898213108
