idr,acc,psd
0.08464641969484053,2.5999301040624228,0.0020463273188591033
