idr,acc,psd
0.038448444782490966,1.1814751425278225,1.7824095754738464e-09
