idr,acc,psd
0.05753154436765141,9.30369090200202,0.157830984515456
