idr,acc,psd
0.05501683267330742,4.933494242634211,0.3181926518982126
