idr,acc,psd
0.06261785764476537,5.988344479546228,0.2950561215305889
