idr,acc,psd
0.08547104231325403,8.21016389322076,0.6707031614164877
