idr,acc,psd
0.08473642245636262,8.115625007285264,1.1292137298461773
