idr,acc,psd
0.08127757722716016,2.490984858137324,0.0023692470353347825
