idr,acc,psd
0.07411982511158624,7.148334025667928,0.432352150105734
