idr,acc,psd
0.07205957783762797,6.59169960545073,0.44455034121936965
