idr,acc,psd
0.06625029712175816,6.139996119219293,1.6112525583828234
