idr,acc,psd
0.0716733332708021,6.559447307898384,0.4464361386889882
