idr,acc,psd
0.20817670645617392,19.613265912830002,3.805129540323913e-07
