idr,acc,psd
0.06582376971140572,6.118963683875868,1.612526481369147
