idr,acc,psd
0.06682240357872411,6.446258143190654,1.5785468066745634
