idr,acc,psd
0.20817659031975363,19.61325555571939,2.326738122589549e-08
