idr,acc,psd
0.08190545987445601,7.5280638416820995,0.2204935029974399
