idr,acc,psd
0.08190549956843597,7.528054714795079,0.22049333306065946
