idr,acc,psd
0.07047621001885562,6.762888696088604,0.32766717526345934
