idr,acc,psd
0.052217636848328704,5.000620545495892,0.10982102601725524
