idr,acc,psd
0.0832836801339036,7.969696921481729,0.4082186210267117
