idr,acc,psd
0.05294432770713445,5.104738327667514,0.10867819365068619
