idr,acc,psd
0.08428169339683099,8.122160385463888,0.40529567458013827
