idr,acc,psd
0.03480812456666922,3.35894783807403,0.0006241750767559184
