idr,acc,psd
0.0503058891657622,4.8541964310476935,0.05022570971637926
