idr,acc,psd
0.034053096274648434,3.288386676822007,0.003917353398004736
