idr,acc,psd
0.03764580296172883,3.492643494203112,0.037300134739632354
