idr,acc,psd
0.06358418608545546,6.7913159617640515,0.17759919546155886
