idr,acc,psd
0.037645685142580404,3.4926353611752523,0.03730017140017969
