idr,acc,psd
0.22294686015372606,6.851899008265831,0.6747041436688078
