idr,acc,psd
0.21622757818228538,6.630722283543936,3.88979350812993e-08
