idr,acc,psd
0.2112827266476452,6.485245529466689,0.6183502590442426
