idr,acc,psd
0.21128271041207675,6.485248204329139,0.618350537705167
