idr,acc,psd
0.22294783365208576,6.851924156796619,0.6747044429802166
