idr,acc,psd
0.21622778954330815,6.630728918374177,3.889808223021489e-08
