idr,acc,psd
0.06742371696460431,6.516597947422986,0.12153212028561058
