idr,acc,psd
0.042346991011341886,4.0822495408647015,0.02262218004620657
