idr,acc,psd
0.04755075975786556,4.59802581183376,0.009633992471755686
