idr,acc,psd
0.35238350704531024,3.897301431657975,0.143913582360431
