idr,acc,psd
0.017508134029360686,1.6411872875681177,0.0006372848858743767
