idr,acc,psd
0.020075118537056055,1.8807813945212246,7.355935768739422e-08
