idr,acc,psd
0.025924703991122358,2.520932688749822,0.00043948820751034515
