idr,acc,psd
0.020075229546695272,1.880789824520827,1.423877474945376e-09
