idr,acc,psd
0.01737154622883785,1.6278834230763288,0.0006526689453930224
