idr,acc,psd
0.023138865231197812,2.255443957389713,0.0011255330751545325
