idr,acc,psd
0.018257781527481632,1.7140599979052507,0.0008858967098228326
