idr,acc,psd
0.1169556695461278,3.5894032883661913,0.026320072997904852
