idr,acc,psd
0.034559939308681044,3.337040532498697,0.0006275125586547948
