idr,acc,psd
0.05005867981416238,4.831301261899925,0.050251284407442344
