idr,acc,psd
0.034048547500112714,3.2852164508909647,0.003946115370731216
