idr,acc,psd
0.0754181945134702,2.3123769587189944,0.0014529258924157566
