idr,acc,psd
0.01808385450810031,1.7475237897030045,0.0010286376757217524
