idr,acc,psd
0.04336625634401365,4.1810167149879085,0.050214691594042946
