idr,acc,psd
0.023079638479646374,2.2264795247020497,0.0015215023880527248
