idr,acc,psd
0.06526376208361184,5.98118042043748,0.6607373537752068
