idr,acc,psd
0.15652689659109545,14.844867867002863,1.2101067470657737e-07
