idr,acc,psd
0.09594474090773059,8.699071300938737,0.18855529484469064
