idr,acc,psd
0.07743113927001584,7.4835793052434285,0.18385204142044992
