idr,acc,psd
0.06543745950029307,5.996928730096566,0.6584583989545263
