idr,acc,psd
0.06285789495629168,6.076928427848637,0.652638343784228
