idr,acc,psd
0.15652686686875691,14.844866135722834,1.463869553008336e-08
