idr,acc,psd
0.09563565647217574,8.67204236840573,0.1879114320658504
