idr,acc,psd
0.2535825907967796,7.78248444097227,1.02224334646628
