idr,acc,psd
0.23536941960285518,7.228566539573803,0.9198790675569232
