idr,acc,psd
0.4028219400115892,12.340706850883365,4.387972310855692e-08
