idr,acc,psd
0.0702681224262636,7.832232370985924,0.04565290254799733
