idr,acc,psd
0.010226048872744418,0.9696590659628834,0.001288529996917609
