idr,acc,psd
0.040137296262561,1.2284867876845638,2.6550295629034343e-05
