idr,acc,psd
0.27711436742221945,3.0678783549143795,0.014788192960447824
