idr,acc,psd
0.10525128655534445,9.909973181767935,4.5762883683315805e-09
