idr,acc,psd
0.4413375449570503,4.87485878831476,4.833721885775788e-09
