idr,acc,psd
0.05518134184480726,5.343483631531065,0.025082111033029618
