idr,acc,psd
0.10525132637593965,9.90998674193055,2.1814322168200708e-07
