idr,acc,psd
0.050180955463913844,4.770501776325965,0.033223556883943045
