idr,acc,psd
0.04894248027095206,4.707960662586124,0.019094234439701745
