idr,acc,psd
0.050939491069863646,4.613297917990502,0.03615191666039104
