idr,acc,psd
0.0485253039169442,4.702351138760914,0.05181363686527478
