idr,acc,psd
0.2853563231549044,3.1513095582722617,0.011110823650925665
