idr,acc,psd
0.037228280200255336,3.4195036996536303,0.0504605344774593
