idr,acc,psd
0.039081637510453064,3.6479103593809894,0.02006851459658954
