idr,acc,psd
0.03879598225505091,3.612283450374415,0.04945714848214347
