idr,acc,psd
0.03840488493219407,3.541929781689851,0.011845867040646314
