idr,acc,psd
0.11396250702042801,3.4988152718960728,0.28796266641236107
