idr,acc,psd
0.161128843962468,4.936284588221966,1.755179689216124e-08
