idr,acc,psd
0.09573191666500788,2.942095432392199,0.20123965850003275
