idr,acc,psd
0.12527722400830857,3.8479786325519143,0.1790800310920749
