idr,acc,psd
0.05448802274230003,5.8436209589421875,0.4956084092363664
