idr,acc,psd
0.1808126180297143,17.06648063125756,7.419594716023133e-08
