idr,acc,psd
0.068248633398883,6.588871664462379,0.407692351333464
