idr,acc,psd
0.05085680082802682,4.803341186011179,0.40814604155288653
