idr,acc,psd
0.07299133214418702,7.02987711901225,0.7190210329206088
