idr,acc,psd
0.06292743788880178,5.859416426886216,0.7020119048226826
