idr,acc,psd
0.04924448140765454,4.654417098137358,0.40961924533364547
