idr,acc,psd
0.0634844491048828,5.928139446116003,0.7275373106110417
