idr,acc,psd
0.18081298846371743,17.0665159505699,1.9368458068322004e-08
