idr,acc,psd
0.07565880450844056,7.043119472443434,2.2598027000586622
