idr,acc,psd
0.0750172886243889,6.985218446258528,2.2637518461089354
