idr,acc,psd
0.0783764666816153,7.598610515916123,0.7582222465352213
