idr,acc,psd
0.260220735672057,24.516578589271795,3.8051334640741006e-07
