idr,acc,psd
0.26022066740526323,24.516572710723143,2.908422417065865e-08
