idr,acc,psd
0.06832779246106796,6.320766260163525,0.7590050183805919
