idr,acc,psd
0.09461778574577775,9.133634876113623,2.223423143688992
