idr,acc,psd
0.06817837228788116,6.310190526675408,0.7606093386345613
