idr,acc,psd
0.17169339555822957,5.272533239271024,0.30967581986576875
