idr,acc,psd
0.13612678356442584,4.189393905255331,0.061358236801195835
