idr,acc,psd
0.2595929193113628,7.976980166727811,1.2034741485369276e-08
