idr,acc,psd
0.1185202730842154,3.643882897926571,0.054222428526516514
