idr,acc,psd
0.022083268426998676,2.127150811661368,3.782193438389501e-05
