idr,acc,psd
0.02091152968347073,2.0156155085137812,0.004137634918412762
