idr,acc,psd
0.0509310402384102,4.898996519887014,0.5045103171427887
