idr,acc,psd
0.0284176189937088,2.7066532174305293,0.0013615588963429436
