idr,acc,psd
0.03065798673736565,2.924239304444291,0.00489887315737075
