idr,acc,psd
0.051488344990457874,4.880192839970883,0.05048575632290353
