idr,acc,psd
0.18632574637837487,5.720229123286999,0.6065198300564231
