idr,acc,psd
0.1869820216338271,5.737918887121352,0.7007865740554386
