idr,acc,psd
0.3222574354457669,9.872561496123703,3.510365470581763e-08
