idr,acc,psd
0.036017253710610916,3.350688906464182,0.023037806531500404
