idr,acc,psd
0.042502797369569065,4.027394985986296,8.307670315031709e-08
