idr,acc,psd
0.034561999619900585,3.2068071868168713,0.006828019594537002
