idr,acc,psd
0.042503103143370136,4.027424944971886,5.2190055212685394e-09
