idr,acc,psd
0.03136487584292369,3.0123990118939066,0.008043220432701505
