idr,acc,psd
0.03519237062382282,3.2895984227508284,0.006668738294989713
