idr,acc,psd
0.03669303622714591,3.4475493162606794,0.021466608377864235
