idr,acc,psd
0.036119876581401485,3.502555219131283,0.016880545208014405
