idr,acc,psd
0.18022255518149144,5.532488297756946,1.4311610580908211e-08
