idr,acc,psd
0.15851516180355557,4.86179596214026,0.07146933748438175
