idr,acc,psd
0.11331958126510194,3.4926915494183604,0.10562824782329704
