idr,acc,psd
0.08307086338039896,2.5442749472840003,0.006563306968274445
