idr,acc,psd
0.01829297644300302,1.7675356313563062,0.004090732667728223
