idr,acc,psd
0.05400575186362334,5.209179248530459,0.4974980311254585
