idr,acc,psd
0.018660996434920425,1.7981531500836845,1.5234100023307277e-05
