idr,acc,psd
0.15889424168576902,15.190225060861108,4200.9686569615815
