idr,acc,psd
0.4193691619891241,12.858647057895206,3.009760810703384e-08
