idr,acc,psd
0.07643737517057664,7.420366939503176,0.6235662482593856
