idr,acc,psd
0.07463986015935409,6.989694356499171,0.6025469375272812
