idr,acc,psd
0.16886741408119776,5.209588139296895,0.26458100848705984
