idr,acc,psd
0.07372418171511977,7.130747924114022,1.2294021165470648
