idr,acc,psd
0.07340949594246897,6.7959564529487775,1.2233784283054434
