idr,acc,psd
0.07290341535325351,6.835046120848447,0.6137352449660372
