idr,acc,psd
0.08592638242820055,8.030538791022396,1.8503763514385243
