idr,acc,psd
0.3469580973603039,3.8278111983570966,0.2903461450171377
