idr,acc,psd
0.1707603893158339,5.255412498116558,0.27260993264796585
