idr,acc,psd
0.2063904575005326,19.559744427557888,1.87679279060255e-08
