idr,acc,psd
0.08962070800363192,8.353962321621973,1.8526922446823018
