idr,acc,psd
1.538880950401245,16.98395282368573,3.380880010051979e-08
