idr,acc,psd
0.07078710985765091,6.861747719503508,1.837408671671845
