idr,acc,psd
0.3266788480891505,30.94386504965815,8.436558702327256e-08
