idr,acc,psd
0.20639083986029055,19.5597808257845,9.826086800249634e-08
