idr,acc,psd
0.32997558404116384,3.6539132338292015,0.2702110485417508
