idr,acc,psd
0.0189049018346232,1.833403506543635,0.001374429584807318
