idr,acc,psd
0.02107267912547006,1.9838032723859955,0.0007287055030370688
