idr,acc,psd
0.022408470419962533,2.1136657980512754,1.0766876543524905e-07
