idr,acc,psd
0.07352082234824321,2.262963291893287,0.0006413950142024964
