idr,acc,psd
0.020523636821819534,1.9199161986041906,0.0010370079132636378
