idr,acc,psd
0.03088224785709202,0.9511880790715771,8.936761682173992e-06
