idr,acc,psd
0.022408524257182063,2.1136729032367234,2.29402825751719e-09
