idr,acc,psd
0.01900633787998984,1.826342693493617,0.00016346075544818403
