idr,acc,psd
0.031096064160233063,0.9576805349970521,7.402368041023612e-10
