idr,acc,psd
0.01912235636458118,1.785504855951455,0.0013480577230452913
