idr,acc,psd
0.0208749697941911,1.9580857137056173,0.00026557322577410185
