idr,acc,psd
0.06588733771091396,6.012603355429736,0.33751974144835495
