idr,acc,psd
0.0658872814497391,6.012618288148511,0.3375197050979769
