idr,acc,psd
0.0677176301657416,6.135329736351862,0.29676474429810135
