idr,acc,psd
0.07000808059275875,7.423807373734584,0.061969682783638264
