idr,acc,psd
0.06771759022533234,6.135325929965878,0.29676463972744194
