idr,acc,psd
0.3502934782192927,3.86885024398073,0.25923099718186404
