idr,acc,psd
0.02793723644803673,2.694474946837655,0.0037608262349044406
