idr,acc,psd
0.029853939197569002,2.8781498097206577,0.0009754917538733719
