idr,acc,psd
0.08253632306736011,7.98276139369265,1.1383974798418766
