idr,acc,psd
0.05131977017205176,4.949246562469952,0.540534703696908
