idr,acc,psd
0.17578757002815362,5.384066718603991,0.25169490045236304
