idr,acc,psd
0.026582635105137357,2.5682324714479563,0.0005518530424755484
