idr,acc,psd
0.023657770419144613,2.2820398128518855,0.0012703237738475861
