idr,acc,psd
0.04646004846504194,4.486281152329539,0.09908105251994424
