idr,acc,psd
0.04645997948318033,4.486102491178053,0.09908114444280436
