idr,acc,psd
0.15112458870826614,4.633876942425594,6.2399099801271126e-09
