idr,acc,psd
0.07784848606846943,2.3922416358340177,0.010848397755314109
