idr,acc,psd
0.10720434887296838,3.289449292148489,0.018006845406466805
