idr,acc,psd
0.12751032545496271,3.9183282592837996,0.3633990800851245
