idr,acc,psd
0.22407108834617928,6.8871718423563495,3.4075871113851084e-08
