idr,acc,psd
0.12872495520143531,3.9524389995102673,0.32201398351257365
