idr,acc,psd
0.06726562548823088,6.301973681643782,4.771126588148019e-09
