idr,acc,psd
0.03953856317760683,3.7084142575199612,0.056058304349038586
