idr,acc,psd
0.04642424300943894,4.47487548283496,0.050100983013103395
