idr,acc,psd
0.034535958457990096,3.2243117696715533,0.030429827520179344
