idr,acc,psd
0.034412285482511996,3.207057648590025,0.030674059472594477
