idr,acc,psd
0.06726588627581204,6.3019958493439265,7.354972928267225e-08
