idr,acc,psd
0.040096202685908966,3.757765364693264,0.05508013559218556
