idr,acc,psd
0.04899420683269182,4.756413962634756,0.03132062356149136
