idr,acc,psd
0.03807470995161447,1.1695093455063308,2.6312857229721304e-05
