idr,acc,psd
0.11616086190818786,3.564998930138504,0.02621889184620618
