idr,acc,psd
0.06832149334807258,6.582739012938662,0.42286968435473626
