idr,acc,psd
0.06645237631195128,6.403130696906213,0.2449118561151545
