idr,acc,psd
0.07547298955492598,7.277101616655324,0.8474594955052598
