idr,acc,psd
0.05607944989074112,1.72242220121087,0.029263466919438968
