idr,acc,psd
0.0394918667027971,3.7605668523735947,0.02351670199074665
