idr,acc,psd
0.041124605102911264,3.8968174759657757,0.011619624571970098
