idr,acc,psd
0.40279548607183147,4.447314536900144,0.15789782148095713
