idr,acc,psd
0.08082526759704174,7.675739897248091,0.12981952221086968
