idr,acc,psd
0.043907993826804916,4.049694402583461,0.024686045477137923
