idr,acc,psd
0.039235592234267,3.656165486580563,0.10255681977157108
