idr,acc,psd
0.043961014215790274,4.054513709118862,0.024436220012610196
