idr,acc,psd
0.07806629475726323,7.354967527495187,3.805121310152598e-07
