idr,acc,psd
0.0444102974784932,4.2794063499891495,0.10682100865944515
