idr,acc,psd
0.04427653982972299,4.296313343456585,0.0186630408070185
