idr,acc,psd
0.03842533307260006,3.5974106869264157,0.10324386111961584
