idr,acc,psd
0.0780664077095636,7.354978143218727,8.725259427579588e-09
