idr,acc,psd
0.053925276782730534,4.99676335820997,0.08440965591330118
