idr,acc,psd
0.05463130491989885,5.090693634987514,0.08210618125113238
