idr,acc,psd
0.05885255884635104,5.681174790690159,0.08566379934590306
