idr,acc,psd
0.04932913867166218,4.5806128609186505,0.08819433434638138
