idr,acc,psd
0.0638892619264519,6.195435685561403,0.07501671003168485
