idr,acc,psd
0.14285143884368642,13.450692721102026,7.582413207283098e-09
