idr,acc,psd
0.14285126471439855,13.450676094333147,5.4763573086554035e-08
