idr,acc,psd
0.04970920664424108,4.610578829978298,0.086084474904849
