idr,acc,psd
0.047406290265284694,1.4517788523951547,3.1630532543919465e-05
