idr,acc,psd
0.1953838696476238,2.1635997722801137,0.008044101069883774
