idr,acc,psd
0.21832243938494528,2.409232614258071,3.907190002298235e-09
