idr,acc,psd
0.1949192292735913,2.1585308899234454,0.008032487724811181
