idr,acc,psd
0.1869788500715269,2.057467873820001,0.006780869400500672
