idr,acc,psd
0.04823037510615901,4.8547696932897875,0.1417386750168541
