idr,acc,psd
0.0808395923518328,2.480369636380373,0.001557478522500867
