idr,acc,psd
0.09512487947623648,2.9239142366803756,0.027142114626230437
