idr,acc,psd
0.09512499390863313,2.923916505334866,0.027142063790327683
