idr,acc,psd
0.10885184737918777,3.3372321620058636,6.967369746980129e-09
