idr,acc,psd
0.10136187478736237,3.114923874517435,0.025891884049599686
