idr,acc,psd
0.1088520365518717,3.337236368189628,6.967484774551265e-09
