idr,acc,psd
0.1038380958526411,3.19082095555229,4.813979300883377e-09
