idr,acc,psd
0.10810060067886743,3.31534576373432,0.018368966596625198
