idr,acc,psd
0.08742940583281866,2.6958085323648366,0.010500547913848064
