idr,acc,psd
0.0329045998909454,1.0067207239460099,1.660797938214822e-05
