idr,acc,psd
0.15294513821702352,4.697511009896257,0.21140726800375687
