idr,acc,psd
0.2920779141252525,8.965167233877985,1.805814520029473e-08
