idr,acc,psd
0.1448644516622236,4.45153069713174,0.23669023621498922
