idr,acc,psd
0.08021772766541013,7.785186229152146,0.6273974613221059
