idr,acc,psd
0.07439711752106586,6.860862564083178,0.5186685204219273
