idr,acc,psd
0.06335350795329688,5.922662621738088,0.6519383601126643
