idr,acc,psd
0.07282480586120624,6.87282686594706,0.5318116378558728
