idr,acc,psd
0.08338122534018669,8.046169662254895,0.5114129658931769
