idr,acc,psd
0.06208537704976753,5.831472787390881,0.6960291624490829
