idr,acc,psd
0.1508812945843382,14.415900414599694,2.206468722767882e-07
