idr,acc,psd
0.15088104367588465,14.415869550084569,3.0642324622138356e-08
