idr,acc,psd
0.197160745302826,6.051048790830355,0.3033992344012539
