idr,acc,psd
0.5721999154700813,17.545910259751977,3.2122984441543284e-08
