idr,acc,psd
0.16967338737256293,5.216139826402478,0.3379955482377514
