idr,acc,psd
0.04533438364365997,4.4037919002265244,0.09758410973252453
