idr,acc,psd
0.04736873376773876,4.375183583552034,0.10643370748131348
