idr,acc,psd
0.08408212497163771,7.877482989161363,7.354631152552963e-08
