idr,acc,psd
0.04709910434498134,4.535606906176659,0.045313391228638304
