idr,acc,psd
0.04550202700780244,4.260618793046016,0.04295304276036402
