idr,acc,psd
0.08408215803430572,7.877484460639605,5.963905462047885e-09
