idr,acc,psd
0.045545945953064756,4.2631347989393005,0.04308635471943613
