idr,acc,psd
0.04753734232894182,4.388316047672478,0.10809725081655217
