idr,acc,psd
0.056420451943661395,5.257948858075451,0.043637711511975825
