idr,acc,psd
0.05310911669693416,4.9427169204492625,0.027362807305034924
