idr,acc,psd
0.04820991151145845,4.676231956332775,0.04223245034076897
