idr,acc,psd
0.053222004656870284,4.952399535769135,0.028629339723872365
