idr,acc,psd
0.06230124816300446,6.005885968246059,0.02376290948496966
