idr,acc,psd
0.05587313998341241,5.204042470498006,0.04530374318343248
