idr,acc,psd
0.08162984533818632,7.686153443811699,4.3327793299932e-09
