idr,acc,psd
0.08162945214440814,7.686115914888502,5.441869171755076e-08
