idr,acc,psd
0.03667467363276819,3.38249016724033,0.024397788361536516
