idr,acc,psd
0.06180909678810336,5.665594176004538,0.017099925145652138
