idr,acc,psd
0.061786498185499625,5.662794309265799,0.016791934871723584
