idr,acc,psd
0.04927924377887712,4.755531084566025,0.014714360801400784
