idr,acc,psd
0.07163109086249535,6.728229896885379,1.0967927687612566e-07
