idr,acc,psd
0.03698261360868451,3.568093038509975,0.023153236092220832
