idr,acc,psd
0.07163134027873035,6.728253516119056,3.087405526780849e-09
