idr,acc,psd
0.03574365511189444,3.3063584526136798,0.024355207363758395
