idr,acc,psd
0.09447240203575874,2.898462985203472,0.015337425438261538
