idr,acc,psd
0.038136323684001695,1.1720878989626806,3.052595864963059e-05
