idr,acc,psd
0.14486712297914325,4.470981966737463,0.22626263760574086
