idr,acc,psd
0.37088978734575057,11.369288690558378,2.2876468386389447e-08
