idr,acc,psd
0.1348712614471234,4.148268253527819,0.20621124153626816
