idr,acc,psd
0.2907919212829939,8.897617840670174,1.4647086312742289e-08
