idr,acc,psd
0.14417653844925882,4.45227534844497,0.03635903741014201
