idr,acc,psd
0.21008945038809998,6.456198570452144,0.04926317071768534
