idr,acc,psd
0.05630478417904816,7.482685664326096,0.04314811997893193
