idr,acc,psd
0.06405913042527724,6.212316291843129,0.10695372164436716
