idr,acc,psd
0.10889284152141152,10.31458692408145,7.446360379745362e-09
