idr,acc,psd
0.05731040830166356,5.359656645767462,0.06371703755502994
