idr,acc,psd
0.055207417516526386,5.051763177411993,0.04948406208324344
