idr,acc,psd
0.05483735284934672,5.041831683985595,0.0992991622737333
