idr,acc,psd
0.10889275811771214,10.31458582797793,8.840157098476937e-08
