idr,acc,psd
0.06262028305689897,5.641143198402178,0.11411538454770774
