idr,acc,psd
0.05357061132301554,5.2078390283123825,0.06367494747600848
