idr,acc,psd
0.1463392801770959,1.6163964491018765,3.7070127083204856e-05
