idr,acc,psd
0.03508406225322106,3.3033756391594657,1.525248806055068e-09
