idr,acc,psd
0.23957475108735737,2.6491697826035647,0.0037543644356420876
