idr,acc,psd
0.028490886424145066,2.6734799471022646,0.005148964707207672
