idr,acc,psd
0.029025977035690216,2.6954197452552173,0.0011015812628732322
