idr,acc,psd
0.14711198238513684,1.6249473624242499,1.6111851915472403e-09
