idr,acc,psd
0.04046168828024072,3.928974332230127,0.004490359689539299
