idr,acc,psd
0.028765713166655063,2.6698135589765295,0.0010703123516052119
