idr,acc,psd
0.029031940227593173,2.7234770755763695,0.0050806589616645866
