idr,acc,psd
0.035084027582839086,3.30336447852302,2.1792200008451346e-07
