idr,acc,psd
0.038660749845152734,3.725749079987075,0.0010783672396257565
