idr,acc,psd
0.013300044359049816,1.2846360630395695,1.800764131302422e-05
