idr,acc,psd
0.013423068081738971,1.2992514719395647,0.00033876101174763133
