idr,acc,psd
0.04077873906632383,3.9425021482074594,0.1419774565223284
