idr,acc,psd
0.05390669975925752,1.654431875083103,0.001013357903971633
