idr,acc,psd
0.13280741898307985,4.082471208164888,0.3561386972724207
