idr,acc,psd
0.30889854874592343,9.48229309732005,3.16757004504554e-08
