idr,acc,psd
0.13045319256765112,4.0063416705198005,0.35641023657026827
