idr,acc,psd
0.2316741184223692,7.111726206577888,2.375681061475687e-08
