idr,acc,psd
0.12869894912437682,3.949913892178444,0.20630903718757895
