idr,acc,psd
0.10527329286931747,3.2339359308218762,0.20719824844959187
