idr,acc,psd
0.05701186604940476,5.489158061089088,0.2458668863294719
