idr,acc,psd
0.018002217781790706,1.7366481362141744,2.4182552930215953e-05
