idr,acc,psd
0.017082175383803713,1.647936334794045,0.001403530770620373
