idr,acc,psd
0.03679323577672959,3.5504864091555604,0.016690526716461103
