idr,acc,psd
0.03867381827669397,3.7260552009362686,0.03810100847632281
