idr,acc,psd
0.05877210050357288,5.662310955170309,0.1301225595965385
