idr,acc,psd
0.07295654824840798,8.008346286858975,0.09566695387846172
