idr,acc,psd
0.015257705485665279,1.444123852969447,0.0010979409320246564
