idr,acc,psd
0.06512501476920445,1.9864543832435952,0.00012417920721706616
