idr,acc,psd
0.04262808179491811,4.063345282471564,0.1191139594021478
