idr,acc,psd
0.04048079301293683,3.8731991336328253,0.17632530822340997
