idr,acc,psd
0.03276406938334633,3.1630037259490944,0.13739168101317623
