idr,acc,psd
0.058706895471981345,5.690154656387092,0.09788951684638265
