idr,acc,psd
0.05501257535912766,5.3435387176399,0.11104979098566292
