idr,acc,psd
0.16325880207151408,15.372222040444022,5.48808696287201e-08
