idr,acc,psd
0.16325893599948849,15.372234127506712,8.665523087247029e-09
