idr,acc,psd
0.056011796313669565,5.180093101268444,0.10827191326837712
