idr,acc,psd
0.06093335401738681,5.636249603563848,0.09939752873996613
