idr,acc,psd
0.061609836560160024,5.697299329056534,0.09664594690473267
