idr,acc,psd
0.05555744277765369,5.131972061982801,0.11134518438755199
