idr,acc,psd
0.17491314978329306,5.360438158399521,0.29847575838845847
