idr,acc,psd
0.032799130312837516,3.0203990589213907,0.017863667846507673
