idr,acc,psd
0.25857869624444635,2.8526500404222777,0.007570266317619195
