idr,acc,psd
0.07016758583866996,6.6066864747482015,3.050572284047003e-09
