idr,acc,psd
0.03244228244317707,3.0946470945338245,0.01930132171702473
