idr,acc,psd
0.033290122185593234,3.057124255825234,0.004311229648839711
