idr,acc,psd
0.26040608837544255,2.8805847583839244,0.009176288069661557
