idr,acc,psd
0.29422442989472164,3.2498994025769017,3.222394932341744e-09
