idr,acc,psd
0.03584644533800131,3.3182462414288967,0.004655653756361913
