idr,acc,psd
0.050926402767381654,4.771297438663579,1.1302809893144957e-07
