idr,acc,psd
0.04623083992506149,4.458457745156349,0.00469800641993433
