idr,acc,psd
0.03647252591377939,3.3806814316766767,0.005823004315108613
