idr,acc,psd
0.04000772338252019,3.8760514847090626,0.015790421228958993
