idr,acc,psd
0.07016777889348912,6.606690975837874,2.1803263708245356e-07
