idr,acc,psd
0.15830810607770568,4.8561252611620755,6.037845750628717e-09
