idr,acc,psd
0.10447354992438869,3.2083951797283343,0.023098398716398783
