idr,acc,psd
0.07618428570300786,2.3376170447012186,0.020820844484726413
