idr,acc,psd
0.06633361089479922,6.055450095230181,0.10763796166556645
