idr,acc,psd
0.05812757715973463,5.396592040990378,0.20836470515498895
