idr,acc,psd
0.05169061785643304,4.733884135307261,0.11607913826925471
