idr,acc,psd
0.17824204741522337,16.699514276535407,1.0969875397146021e-07
