idr,acc,psd
0.07278574037328643,7.054093142200216,0.10350288854014893
