idr,acc,psd
0.17824200658401274,16.699510149659886,1.1924825185200448e-08
