idr,acc,psd
0.06483995928008315,1.9828853867903362,2.3931429518279557e-05
