idr,acc,psd
0.30291772011081214,3.3397310528931783,0.032820944117118264
