idr,acc,psd
0.16040122239019167,4.950129157205765,0.06710654877499748
