idr,acc,psd
0.35515955603025484,33.50015292039226,7.874041668613657e-08
