idr,acc,psd
0.4928395737395144,15.178212959311834,1.1732377870005065e-08
