idr,acc,psd
0.10073196436568667,9.340596046792598,0.1312434021859006
