idr,acc,psd
0.14883618496872203,4.6108436643896535,0.09184013241127217
