idr,acc,psd
0.06543226831986396,6.3440407556853025,0.1287806628567012
