idr,acc,psd
0.06635729965600141,6.402682506336703,0.17439259112042257
