idr,acc,psd
0.08355521419925233,7.669625454411907,0.15266581823571052
