idr,acc,psd
0.3551593777282429,33.500135564070845,3.64219589141843e-08
