idr,acc,psd
0.05044948529735878,4.726499958294508,3.578345075817185e-09
