idr,acc,psd
0.02548721283612895,2.4063508516642713,0.011931737010760293
