idr,acc,psd
0.027260106691946555,2.650394713184321,0.012330487602249973
