idr,acc,psd
0.04391076317649881,4.058008073610757,0.01953351105446421
