idr,acc,psd
0.046064658754984056,4.252204174944987,0.019715992208071135
