idr,acc,psd
0.05044942897893942,4.726497431344675,7.35531728930511e-08
