idr,acc,psd
0.02723369716526141,2.5775981306779867,0.012201302607118533
