idr,acc,psd
0.04542928180850011,4.412128311548378,0.02050717843911061
