idr,acc,psd
0.30236717033978683,3.3309838450837113,0.03244055890335568
