idr,acc,psd
0.050038078832582725,4.610469674447767,0.3378100188225064
