idr,acc,psd
0.042624631503863836,4.003745050614973,0.29800236641987193
