idr,acc,psd
0.037788285726651556,3.468988334731376,0.28340019553009127
