idr,acc,psd
0.0484472089902165,4.546964630256424,0.36130647041356995
