idr,acc,psd
0.05440622713034292,5.265837947691428,0.3358738260118861
