idr,acc,psd
0.10561693739448534,10.091138072850537,2.144961816282359e-08
