idr,acc,psd
0.041671129760868605,4.0166107690209945,0.2813640923238066
