idr,acc,psd
0.10561693402373964,10.091142991363693,2.218278773581177e-07
