idr,acc,psd
0.13478326545090108,4.120168226050265,0.016434578063991654
