idr,acc,psd
0.15678383201418788,4.809862452032667,5.239184130587108e-09
