idr,acc,psd
0.09992610766039817,3.0750521852859984,0.012328289313302902
