idr,acc,psd
0.3861228304259143,11.852855737168749,3.959465387336092e-08
