idr,acc,psd
0.14597348825020698,4.4867588981580315,0.48183441586626075
