idr,acc,psd
0.13568894602552903,4.167325261659708,0.4611774523267349
