idr,acc,psd
0.041395098730575126,1.2686843010378892,3.165861872324846e-05
