idr,acc,psd
0.03736858881902365,3.614580940257934,0.070208057955384
