idr,acc,psd
0.061518240040439535,5.933844075993473,0.5872810150037074
