idr,acc,psd
0.0367648234610817,3.5587761408593375,0.03403895926812849
