idr,acc,psd
0.0949881575170829,2.914602608256327,0.01584266309885839
