idr,acc,psd
0.04801074241239364,1.472967187958383,2.4637726479457695e-05
