idr,acc,psd
0.05878093473352773,5.679982848842527,0.1303901993034364
