idr,acc,psd
0.03840002759709745,3.7009011646736925,0.03824420015279525
