idr,acc,psd
0.03759239933584442,3.637257128439523,0.01687115291754265
