idr,acc,psd
0.09585395760492592,2.941800174048922,0.047012760076591706
