idr,acc,psd
0.04934070816162073,4.723850589521158,0.03702931886516078
