idr,acc,psd
0.0532585892687805,5.089862958895953,0.24581974731872253
