idr,acc,psd
0.05653550562295548,5.409766120155842,0.08831027467939788
