idr,acc,psd
0.0965325333227658,2.968198123726804,0.021015425153802454
