idr,acc,psd
0.12794385825758847,3.9276302445715845,0.02557003568974859
