idr,acc,psd
0.21589267622036537,6.619838507373983,8.914162582767255e-09
