idr,acc,psd
0.13453058576560606,12.603908845119342,7.353611781980606e-08
