idr,acc,psd
0.0643288695791384,6.24824588002313,0.10024475769882332
