idr,acc,psd
0.057159364174029295,5.548686736147532,0.28505670642926484
