idr,acc,psd
0.13453056117461915,12.603910883609537,9.542239565433847e-09
