idr,acc,psd
0.07354749440737932,6.8119638566368685,0.09936294422907344
