idr,acc,psd
0.045766705805865365,4.3366831770109275,0.29209262453293505
