idr,acc,psd
0.07339753481252474,6.797873677877153,0.0978593082871356
