idr,acc,psd
0.04538114057354567,4.305946955104173,0.2901120230199417
