idr,acc,psd
0.2702862779009222,8.29700880206904,2.7716214004497385e-08
