idr,acc,psd
0.11591865126620265,3.5623390276633464,0.2808445915958443
