idr,acc,psd
0.13055368837887524,4.011061435782972,0.28285962479658683
