idr,acc,psd
0.12908161818607317,3.9556374255822337,0.05489784214844251
