idr,acc,psd
0.01537320211088645,1.4656627379824583,0.0005039502934244291
