idr,acc,psd
0.014995246482315044,1.4179066700963976,0.0002337803661714105
