idr,acc,psd
0.014920282090459694,1.4112618344003411,0.00023041036964503437
