idr,acc,psd
0.01695702910185065,1.6401099702063828,0.00027381272858467335
