idr,acc,psd
0.015607026390460627,1.4925208338764344,3.189782078703067e-08
