idr,acc,psd
0.015607008206615182,1.492518386931759,1.432807899002563e-09
