idr,acc,psd
0.015373807465546493,1.4654301083177934,0.0005130350962794763
