idr,acc,psd
0.017866256598450616,1.728053320954313,0.0003017602488317164
