idr,acc,psd
0.0571968040738639,5.517535295893124,0.24376925724024426
