idr,acc,psd
0.017540493561106218,1.6953504756966538,2.029632663513486e-05
