idr,acc,psd
0.016751430175936104,1.6165655278825732,0.0014086845716126401
