idr,acc,psd
0.011268015963380716,1.0773397902848592,0.0005546011555588128
