idr,acc,psd
0.05302629048285116,5.675002428554733,0.1652807439918245
