idr,acc,psd
0.03620127514475217,3.4896417658434693,0.018953428703668503
