idr,acc,psd
0.04490990981227654,4.3249626414398605,0.06983777518374489
