idr,acc,psd
0.04138085315895747,3.991144973357045,0.047083595152683864
