idr,acc,psd
0.09854968397168976,3.034050427558662,0.026698151555978027
