idr,acc,psd
0.14554148654015353,4.488787094719939,0.04424531413937776
