idr,acc,psd
0.22193649074885918,6.825932173625301,0.05557178595197812
