idr,acc,psd
0.3271412583248656,10.00983100264375,1.64779704608379e-08
