idr,acc,psd
0.06055188746219722,5.495779659669955,0.2813460243949931
