idr,acc,psd
0.2546314729844121,23.856446899110125,1.077010580334638e-07
