idr,acc,psd
0.2546315177797835,23.856452799504247,1.7035458120014223e-08
