idr,acc,psd
0.07143779999833813,6.5752114543747,0.27562001943735953
