idr,acc,psd
0.08355028234914687,8.055681972366585,0.26964428988514133
