idr,acc,psd
0.07215785035505067,6.996977972519682,0.20634971925905396
