idr,acc,psd
0.06471677672860982,6.03900773358161,0.21712311429314812
