idr,acc,psd
0.0758234344989287,6.95168351669859,0.42726848281719826
