idr,acc,psd
0.3104052069820386,29.081898344495798,2.0766857466552263e-08
