idr,acc,psd
0.08790859555235395,8.482536386293255,0.40242764456757646
