idr,acc,psd
0.066771339753472,6.04638518282414,0.4755221440967797
