idr,acc,psd
0.13514418216290477,4.160500802794149,0.02957776304542162
