idr,acc,psd
0.12014821650811491,3.688321584620569,9.541027286195986e-09
