idr,acc,psd
0.09432371039808755,2.9034192562044105,0.046412902630331106
