idr,acc,psd
0.050096507768209037,5.952400636784481,0.7225861575361686
