idr,acc,psd
0.03539289547646411,3.3278687757312655,0.0993403888005155
