idr,acc,psd
0.03539309927251218,3.327885724937942,0.09934040368921844
