idr,acc,psd
0.07557653050168095,7.3153760341424325,0.15744206919757742
