idr,acc,psd
0.059650362484111416,5.7377837338331235,0.20709492498414206
