idr,acc,psd
0.20370516258112858,19.08515558387335,1.3628357864973136e-08
