idr,acc,psd
0.054052470606741225,4.991957655787381,0.16654364601473576
