idr,acc,psd
0.06955157562805135,6.350871536484837,0.16267113978023753
