idr,acc,psd
0.203705268438411,19.085166567008827,1.0903325273848815e-07
