idr,acc,psd
0.06020985220396653,5.621247642769931,0.21834592471155007
