idr,acc,psd
0.054368131843193605,4.955067330977232,0.16950094234458807
