idr,acc,psd
0.06122230228651315,5.76460769193031,3.249579850258781e-09
