idr,acc,psd
0.048769176134926394,4.51607568940071,0.025840034084123772
