idr,acc,psd
0.045256446885809834,4.218096273447875,0.008619949851120455
