idr,acc,psd
0.06122251659487234,5.764627356200539,5.4303859260814037e-08
