idr,acc,psd
0.0493613863395909,4.7913445552347325,0.006229522624043587
