idr,acc,psd
0.048873047086528704,4.529035422793118,0.025302780007302565
