idr,acc,psd
0.04523348140368038,4.216178923684202,0.008111012656593832
