idr,acc,psd
0.05199309252828573,5.03230379406425,0.021786810381894887
