idr,acc,psd
0.05047251572160384,4.817725676172509,0.050216206407108735
