idr,acc,psd
0.02914950192347364,2.743893381107765,0.005292440155453508
