idr,acc,psd
0.12641890872423334,3.8935952155861937,0.02152141324031157
