idr,acc,psd
0.15245895778391702,4.66370613638497,0.024921632587809626
