idr,acc,psd
0.20904444126886673,6.413129359444703,6.985590296166e-09
