idr,acc,psd
0.08432760418885324,2.5876412370844313,0.006835115410342908
