idr,acc,psd
0.0627496736279717,5.747306821253276,0.32385205540523104
