idr,acc,psd
0.08457332485027626,7.8230689188183815,0.3041849720318768
