idr,acc,psd
0.3034278193509575,3.357534057860188,0.040575922201315756
