idr,acc,psd
1.029786550173473,11.37465777471103,1.1278459691516624e-08
