idr,acc,psd
0.11195925230964218,10.816130046387443,0.3014252910080833
