idr,acc,psd
0.2455859702576726,23.123092971857904,2.185859503582458e-07
