idr,acc,psd
0.33604409019136877,3.7146527752245415,0.06904619631277774
