idr,acc,psd
0.08351995282907981,7.737302496534799,0.2931411055888181
