idr,acc,psd
0.061848716623540946,5.95912761433255,0.1972634278293124
