idr,acc,psd
0.05258870249565428,4.83731923252779,0.17043929312597536
