idr,acc,psd
0.06751114197412206,6.19322099070584,0.3349997721373051
