idr,acc,psd
0.2455862392904177,23.12311891740894,1.0676370306367572e-08
