idr,acc,psd
0.0760698792761389,7.369720902529517,0.3214392855550263
