idr,acc,psd
0.03701670468400832,1.1342294739180698,2.8635748971041924e-05
