idr,acc,psd
0.17807749309558074,5.455806275515203,0.2937264801394501
