idr,acc,psd
0.07790792764195367,7.1124370351392345,2.278835244210878
