idr,acc,psd
0.08015858191365809,7.3164941636771035,2.2734123376936552
