idr,acc,psd
0.0860640293177174,8.310574985606376,0.771440088127852
