idr,acc,psd
0.07509610399712055,7.242167154723376,2.2229671523143084
