idr,acc,psd
0.4659658610959889,14.287386795117344,3.344184833948883e-08
