idr,acc,psd
0.07047379777882092,6.913729614795685,1.4429988155504392
