idr,acc,psd
0.3438400950048655,3.8065860531517988,0.29549779918710295
