idr,acc,psd
0.3629769554084129,34.382074879061136,8.369227540818533e-08
