idr,acc,psd
0.2293230556699467,21.73308616487582,2.0853257882584635e-08
