idr,acc,psd
0.08333388908666998,7.782815498350657,0.804409955659707
