idr,acc,psd
0.15889404004525068,15.190127884461111,4200.968378417628
