idr,acc,psd
0.16433095248117394,5.078292363855915,0.28992263975970634
