idr,acc,psd
0.05853274747733247,5.351365549790561,1.4887295306875101
