idr,acc,psd
1.7098689127759106,18.87107148135602,3.7565306818920384e-08
