idr,acc,psd
0.22932310927637772,21.733090377050118,9.852167547129985e-08
