idr,acc,psd
0.16390243228438914,5.0152519730694936,0.3013661814845771
