idr,acc,psd
0.3417520354375092,3.7710854950755577,0.32085356495695166
