idr,acc,psd
0.08454918069303034,7.885065641030114,0.797068161655189
