idr,acc,psd
0.12141919640795298,3.726165047224483,0.2948009847500662
