idr,acc,psd
0.12141954293200133,3.7261747947189585,0.2948009618898109
