idr,acc,psd
0.03793767652191167,1.1621485872083253,0.0068077166105310625
