idr,acc,psd
0.03793787283147019,1.1621543620518204,0.00680784290022938
