idr,acc,psd
0.050937262227440695,1.5636114365848555,0.0013267229815651681
