idr,acc,psd
0.043245076105489146,1.3261314150169268,7.77967651488982e-09
