idr,acc,psd
0.05093733719648662,1.5636134191056423,0.0013267387237415789
