idr,acc,psd
0.04324557308192854,1.3261463936412707,7.779510244708652e-09
