idr,acc,psd
0.1497984153198043,4.644925596099486,0.037185382117818716
