idr,acc,psd
0.2235507157788243,6.896669690525316,0.04849825736056888
