idr,acc,psd
0.36002726493582266,10.9886848126702,7.678973720259554e-09
