idr,acc,psd
0.03656490578503738,3.4152740148871836,0.10181565843521852
