idr,acc,psd
0.03656494923879271,3.4152706947264058,0.10181566096824492
