idr,acc,psd
0.057546273564031,4.985706814076205,0.7191330460372346
