idr,acc,psd
0.021620267036088964,2.0876163675649817,0.002169637028082882
