idr,acc,psd
0.020430778605725477,1.9687931271317365,6.493971755762978e-05
