idr,acc,psd
0.07232471406516076,6.959162179516385,0.15168545035605813
