idr,acc,psd
0.08412121600867645,2.5819016596391298,0.006096477818238602
