idr,acc,psd
0.15498245060190963,14.628432233137897,7.456191923837254e-08
