idr,acc,psd
0.05596492592890289,5.213706309937795,0.46452316758793366
