idr,acc,psd
0.04943726501096523,4.78994628439068,0.23076151372598583
