idr,acc,psd
0.07328797184808511,7.08834394130149,0.464186746944364
