idr,acc,psd
0.04666881929832446,4.45506837788762,0.23393978498173898
