idr,acc,psd
0.05622122807148489,5.246920470786036,0.4436435330035386
