idr,acc,psd
0.047357779393115376,4.453623712751238,0.23427282928043539
