idr,acc,psd
0.1549824897305091,14.628435423165707,1.6601548235649102e-08
