idr,acc,psd
0.0845108748200375,2.5919209554106106,0.00663302249471117
