idr,acc,psd
0.010366563362111093,0.9831148553058358,0.0013000406844190775
