idr,acc,psd
0.0103822128261421,0.9846388244658617,9.70968023869658e-10
