idr,acc,psd
0.014478971284998237,1.4004245066380554,1.4332356911622968e-05
