idr,acc,psd
0.01031273221510336,0.9780889170733102,1.3328725811381578e-05
