idr,acc,psd
0.014236159143630035,1.3769402076597825,0.001320704965008033
