idr,acc,psd
0.010382308659986102,0.9846479407655231,1.206140786553048e-07
