idr,acc,psd
0.01037205978894751,0.983640643131777,0.0013009608362910942
