idr,acc,psd
0.01031331189477701,0.978156841460724,1.3461947960784689e-05
