idr,acc,psd
0.040280538201819295,1.2340187734517742,4.3878917612023395e-09
