idr,acc,psd
0.07300240201348324,2.2408965393252895,0.006259203744969617
