idr,acc,psd
0.04671291381496921,1.4318302351902497,0.003985821790390523
