idr,acc,psd
0.03389959815315562,3.2312029582061914,0.14018212213313005
