idr,acc,psd
0.012127890093164105,1.1661197194419783,0.0003438956057072007
