idr,acc,psd
0.012038543286561074,1.1574185564540866,1.4392552006440319e-05
