idr,acc,psd
0.06351122281677148,6.252343139372344,0.3601852974294454
