idr,acc,psd
0.01520564924247306,1.4338438169268213,0.0016552603109931993
