idr,acc,psd
0.05911944007192449,1.8086614986029708,5.6027960046367814e-05
