idr,acc,psd
0.07446399455469564,2.2843451365865475,0.021983503628672983
