idr,acc,psd
0.34596469018954695,10.609172611703347,6.223687751922807e-08
