idr,acc,psd
0.33266536741320646,10.220332930039072,1.2633781521965721
