idr,acc,psd
0.33266504724688445,10.220328517883274,1.2633785826632402
