idr,acc,psd
0.31385537879555464,9.637619018919754,1.157275542336019
