idr,acc,psd
0.31385501265162674,9.637607001426709,1.157275384664599
