idr,acc,psd
0.3459642338351416,10.609158753309138,6.223680237173335e-08
