idr,acc,psd
0.15613251852596066,14.70994278530435,3.8051261779072376e-07
