idr,acc,psd
0.06206003517738692,6.021599553324668,0.24631975013558116
