idr,acc,psd
0.06529423559693684,6.329686573683591,0.8147222248560744
