idr,acc,psd
0.06455090568569588,6.021183499535188,0.23057120736862047
