idr,acc,psd
0.06555532459253881,6.118390778301466,0.2291503588207463
