idr,acc,psd
0.05508370566209903,5.115678859848037,0.839314842686216
