idr,acc,psd
0.05383549083454515,4.997011899456566,0.8390953623583484
