idr,acc,psd
0.1561323762634065,14.70993110638532,1.745055316863242e-08
