idr,acc,psd
0.019887908531705516,1.8763996954487174,0.0009276661888090499
