idr,acc,psd
0.02045904896469124,1.934787196695065,0.0019262670352213095
