idr,acc,psd
0.02687476706360331,2.5243191792079163,1.1583228473727349e-09
