idr,acc,psd
0.02316262665996322,2.248054887833092,0.0014183858263843007
