idr,acc,psd
0.01495419908002471,1.4463904772522636,0.0009986937308365752
