idr,acc,psd
0.02687479497351595,2.524320644001268,1.096670077966447e-07
