idr,acc,psd
0.026888846014873093,2.542114569823611,0.016648604026735722
