idr,acc,psd
0.04946742844025198,5.733283421999698,0.3847770405942407
