idr,acc,psd
0.02688887235152353,2.5421187184105425,0.01664858839965865
