idr,acc,psd
0.1544064162483681,4.752640226001289,0.2675100916100303
