idr,acc,psd
0.14763865848617624,4.526324212418993,0.22595342810495808
