idr,acc,psd
0.4327043649115624,13.264164683640454,2.6689227357703434e-08
