idr,acc,psd
0.04749332793687627,4.334200018412944,0.08516513133381551
