idr,acc,psd
0.04749321373916057,4.334174815508933,0.0851650855613368
