idr,acc,psd
0.04934796959064307,4.589753076800427,0.2238106838773371
