idr,acc,psd
0.05954996055423324,5.539988712379135,0.055827274380536814
