idr,acc,psd
0.034330394648174334,3.21035519409668,0.1418453327976104
