idr,acc,psd
0.042039825705264315,3.8850170458389757,0.10210053496827211
