idr,acc,psd
0.0521697939337848,5.048077453485605,0.1018907152587923
