idr,acc,psd
0.04165092061479606,4.049126029437883,0.14207953105969046
