idr,acc,psd
0.07803612416883117,7.462669766749178,3.1829300548263797e-08
