idr,acc,psd
0.034203713422468716,3.199586398875131,0.14239243761359874
