idr,acc,psd
0.04186891444342564,3.8924009681798113,0.10161785627825594
