idr,acc,psd
0.07803618094511289,7.462675313532244,7.16403238681585e-09
