idr,acc,psd
0.17114705086891865,5.261304837724126,0.3182807432113805
