idr,acc,psd
0.038858157574339525,3.7451445719670255,0.03807713831826376
