idr,acc,psd
0.036077328662724166,3.4738512791394403,0.01662722952151664
