idr,acc,psd
0.05868234240630196,5.6554327706464225,0.12961868603245755
