idr,acc,psd
0.08332782234575084,8.047932325572917,1.1364625677073674
