idr,acc,psd
0.08061973947583602,7.785173502551183,0.6715099619298023
