idr,acc,psd
0.061232899048289956,5.911870727638647,0.2997451745476755
