idr,acc,psd
0.07404446546576436,2.2772857981162997,0.00017185278191521563
