idr,acc,psd
0.48983303647797255,15.017537158343575,3.1353718132771693e-08
