idr,acc,psd
0.15679662591358431,4.824392521708897,0.27678880919154875
