idr,acc,psd
0.17207464385551213,5.279988767452579,0.248140315900858
