idr,acc,psd
0.48983294152022144,15.017534176269457,3.13536866679579e-08
