idr,acc,psd
0.15679649877371882,4.824388461314499,0.2767889402035817
