idr,acc,psd
0.057246139154947785,5.528582849084989,0.24320183726148423
