idr,acc,psd
0.015918211703270468,1.536067286543799,0.00139542316236712
