idr,acc,psd
0.017071171312505472,1.6511912343501796,1.8893943281143876e-05
