idr,acc,psd
0.13117316270175444,4.023094527305031,0.05366308859681931
