idr,acc,psd
0.17882342730030007,5.500542258559429,0.40968513676105894
