idr,acc,psd
0.1941232083351194,5.961992422778389,0.47396879729362074
