idr,acc,psd
0.6181483550830498,18.94877140428522,3.8127563375686216e-08
