idr,acc,psd
0.05351149008262795,5.161782451724658,0.49906521112990776
