idr,acc,psd
0.019144503035213645,1.8430529520146055,0.004105114271417161
