idr,acc,psd
0.019634760947394372,1.8912538693547454,1.5989012430358062e-05
