idr,acc,psd
0.13073446462420496,4.005990820992217,0.26974631654884895
