idr,acc,psd
0.29150976958530755,3.231376263376657,0.025795388710030117
