idr,acc,psd
0.28137333557383254,3.106309037773442,0.028562645155743437
