idr,acc,psd
0.6549652470167951,7.227675542937037,1.1721558693932748e-08
