idr,acc,psd
0.2916608686372445,3.2331426854172958,0.025848130828901958
