idr,acc,psd
0.051344566028172965,5.393649332089081,0.539937338284241
