idr,acc,psd
0.01333828128125057,1.2914787497822195,1.8107386915460013e-05
