idr,acc,psd
0.04056223059960539,3.9213543715935777,0.14193642330972644
