idr,acc,psd
0.013460088896714234,1.300860576395588,0.0003387048086641691
