idr,acc,psd
0.2086270607153128,6.403691413041004,1.2898694483929754e-08
