idr,acc,psd
0.1432179344820535,4.403239798910482,0.10224055202427111
