idr,acc,psd
0.11455405373504246,3.5231437236705605,0.11124290553645232
