idr,acc,psd
0.013253088099291217,1.2818607233052242,0.0003391581632501513
