idr,acc,psd
0.011225374278988705,1.0733584860725527,0.00034881422963136706
