idr,acc,psd
0.011218772494942101,1.0728715292670992,1.029962054986545e-09
