idr,acc,psd
0.011218888665716981,1.0728777633318085,3.190265716617754e-08
