idr,acc,psd
0.011121903791064187,1.0633445397254275,1.3860246656267596e-05
