idr,acc,psd
0.013146802181036466,1.2715806914416472,1.753171357429483e-05
