idr,acc,psd
0.011117689966602975,1.0629221377575861,1.3794021637827777e-05
