idr,acc,psd
0.011225155020591255,1.073344433932002,0.00034821370134568665
