idr,acc,psd
0.06909698482487145,7.440331719442556,0.15222782185809636
