idr,acc,psd
0.06727773330386712,6.209059084721156,0.12455159935370491
