idr,acc,psd
0.05644501660882577,5.296825421253827,0.033903813319281044
