idr,acc,psd
0.056414676970489366,5.278655418021237,0.036239133844291005
