idr,acc,psd
0.06655679088125496,6.15605176673359,0.11645986219169818
