idr,acc,psd
0.07455158183199087,7.089815245807944,4.973281835759775e-09
