idr,acc,psd
0.04458139417077137,4.33192155669787,0.03590165949777303
