idr,acc,psd
0.06742812684009544,6.532256039711429,0.10546738299682694
