idr,acc,psd
0.07455162944710461,7.089817050403322,1.651903792505349e-07
