idr,acc,psd
0.04077960540592706,3.882152626903214,0.050375313519320605
