idr,acc,psd
0.017697374580380325,1.692983307669512,0.0014994579678707684
