idr,acc,psd
0.016798374355320483,1.6099671066241799,0.0011504563738196074
