idr,acc,psd
0.14336071453780821,4.408295431169267,0.21135227053486558
