idr,acc,psd
0.40054032825039215,12.282149389755524,2.2486023674967797e-08
