idr,acc,psd
0.1425056604849793,4.377839370948883,0.185455019427205
