idr,acc,psd
0.054122682420370195,5.018708464907332,0.07813737413658306
