idr,acc,psd
0.04041010389998931,3.8963674573397613,0.03803314778512865
