idr,acc,psd
0.06375403060492259,6.041074394140182,8.349455825766363e-08
