idr,acc,psd
0.04214848918958623,3.886462045089669,0.043363618754290525
