idr,acc,psd
0.06375411974166625,6.041081609115665,7.828441430980256e-09
