idr,acc,psd
0.044453249892986116,4.096411444376148,0.04010968611336682
