idr,acc,psd
0.05785950462903211,5.354798697968528,0.07420328119525425
