idr,acc,psd
0.06014231088479635,5.826242717221561,0.07050235952810245
