idr,acc,psd
0.055356290773990936,5.273838015358484,0.06313116923145606
