idr,acc,psd
0.11182742028647548,10.634718878979522,1.655579704524314e-07
