idr,acc,psd
0.08289686182223045,7.734064308914128,0.20972597698876927
