idr,acc,psd
0.11182747863940218,10.634726154032357,7.459916834091472e-09
