idr,acc,psd
0.056910120524444746,5.430065998363631,0.07006435767086405
