idr,acc,psd
0.08165762869311712,7.619265899937061,0.19995241505418662
