idr,acc,psd
0.07548174299609743,7.307331734816119,0.20906504641881918
