idr,acc,psd
0.06324468651013332,6.101929194181899,0.06116037785962708
