idr,acc,psd
0.1225655434984889,3.7635497693490563,0.2666015091791472
