idr,acc,psd
0.07951577410439595,2.4436629411099053,0.040540476893848744
