idr,acc,psd
0.04827859110250675,4.633539081375478,0.07150493073897167
