idr,acc,psd
0.033049786108178644,3.1730490288408357,0.019268598014892807
