idr,acc,psd
0.037754207140406545,3.611951216815783,0.048131264503503614
