idr,acc,psd
0.09266146059878516,2.8319477169325142,0.03045374418846405
