idr,acc,psd
0.04284998479987491,1.3139024608958279,2.6092524701897555e-05
