idr,acc,psd
0.04317817726001896,1.3239537960458647,1.782821887240425e-09
