idr,acc,psd
0.08047725664289468,2.472093768982422,0.0018060162212320157
