idr,acc,psd
0.1605259028002034,15.21312703341842,1.4597280666284752e-08
