idr,acc,psd
0.0744319625073126,7.199205857985624,0.7638243388776389
