idr,acc,psd
0.06149077749312848,5.768510142345365,1.1291647031827623
