idr,acc,psd
0.2540837210836107,24.06746203529435,8.5712280026265e-08
