idr,acc,psd
0.3831662252606699,4.2295955879510645,0.2052705735934794
