idr,acc,psd
0.1588938806553979,15.190198051319657,4200.9692528346395
