idr,acc,psd
0.3783347485368123,4.1802253103314815,0.2189791822226109
