idr,acc,psd
0.15416584529513658,4.7242519731670365,0.1923369260911844
