idr,acc,psd
0.16052598913127789,15.21313267542024,9.773824386174907e-08
