idr,acc,psd
0.058184805393342386,5.660380118040284,1.1406343406247592
