idr,acc,psd
0.07515905493717083,7.288887192611181,0.34626866427795017
