idr,acc,psd
1.196908397730391,13.209751860070739,2.6295719854757764e-08
