idr,acc,psd
0.3261761091828264,10.001167222628299,2.3409294494769156e-08
