idr,acc,psd
0.1633662245460402,5.013913581380615,0.18507058819150773
