idr,acc,psd
0.0562199579294378,5.212872245557929,0.34605511621270246
