idr,acc,psd
0.05533765539757751,5.140580804704655,0.34384085219566923
