idr,acc,psd
0.06449847456398461,5.943276674247249,0.760107393548949
