idr,acc,psd
0.06026577025943598,5.581864976761898,1.13089450053739
