idr,acc,psd
0.048301756697738014,5.174531296689341,0.045529649062416855
