idr,acc,psd
0.3265551083188277,10.01168303448274,2.0902449403353313e-08
