idr,acc,psd
0.14852330632080923,4.565766708096655,0.15985751915146573
