idr,acc,psd
0.1559066487784856,4.7933962409523545,0.14097719159822894
