idr,acc,psd
0.3265552981796769,10.011688938369804,2.090246507073667e-08
