idr,acc,psd
0.14852305708290225,4.565759807078045,0.15985735586744307
