idr,acc,psd
0.05204424000902842,4.903315160976971,3.8051206068331574e-07
