idr,acc,psd
0.05204431055250161,4.903319646746397,5.816862033619323e-09
