idr,acc,psd
0.04574299126601334,4.2532278929090666,0.011620576181144244
