idr,acc,psd
0.03519781145916069,3.412067470595838,0.00421025872846996
