idr,acc,psd
0.04038730711802277,3.897441127105074,0.03486906720738753
