idr,acc,psd
0.04612479266928168,4.286835877201612,0.011523155584169735
