idr,acc,psd
0.035843211087658235,3.3227074809720567,0.03347874352433224
