idr,acc,psd
0.03657970872405629,3.3936549106753886,0.03359088218082292
