idr,acc,psd
0.0750799878572618,2.3030225004141998,0.0006806728938495596
