idr,acc,psd
0.04925070799735643,4.711372540690766,0.5177542606250362
