idr,acc,psd
0.01660174930679508,1.58564243988123,0.00401952397622099
