idr,acc,psd
0.01689970039206371,1.6139762863344314,1.4693824592882687e-05
