idr,acc,psd
0.15531477599828303,4.779086980049837,0.10225903308498659
