idr,acc,psd
0.21026021589988078,6.454586703288969,1.6696828935628976e-08
