idr,acc,psd
0.11753747555099821,3.624479350859506,0.14007918871038896
