idr,acc,psd
0.039131836790646544,3.711227274250295,3.6596759922330146e-09
