idr,acc,psd
0.03784140295811023,3.4503954732733755,0.014991008540963358
