idr,acc,psd
0.03755733475774094,3.4242236857595643,0.015155388489318406
