idr,acc,psd
0.03913188504560607,3.711232464464261,1.206920614310872e-07
