idr,acc,psd
0.03384486747647861,3.262492812605247,0.028726751754594694
