idr,acc,psd
0.03228517904596834,3.1086092843605266,0.035925032158152556
