idr,acc,psd
0.04226764791563569,4.081427374404949,0.01156562532922604
