idr,acc,psd
0.033073391554702174,3.162698887713108,0.03577942866517443
