idr,acc,psd
0.052938833872405465,4.81981671688618,0.10528954979497177
