idr,acc,psd
0.05276763405965007,5.107746666849469,0.1083018409021533
