idr,acc,psd
0.12731579101299095,11.928226475884845,8.517693989292993e-09
