idr,acc,psd
0.0456524909124611,4.195487034812883,0.03542793712615928
