idr,acc,psd
0.12731579470190896,11.928227405367679,1.1103202751730764e-07
