idr,acc,psd
0.04815748952053485,4.640169820045094,0.045124973121528036
