idr,acc,psd
0.04694966008550323,4.2867770001733785,0.04945446067347822
