idr,acc,psd
0.06027505566616521,5.814864747007054,1.467114691294052
