idr,acc,psd
0.06322589843426811,5.868180211861624,1.4774819560626065
