idr,acc,psd
0.06525818116188142,6.033601721125156,1.313816439001424
