idr,acc,psd
0.25830391880959885,24.380701830764252,7.309807841666284e-08
