idr,acc,psd
0.0679178466957227,6.554880679584221,1.2984246437215468
