idr,acc,psd
0.06864064489657908,6.358754747230433,1.3134473159576
