idr,acc,psd
0.0634719435578178,5.900242507340413,1.4571708386117777
