idr,acc,psd
0.25830383775393395,24.380694328351098,2.7669382518572603e-08
