idr,acc,psd
0.0704116829401314,6.499999388725855,0.30956224978083796
