idr,acc,psd
0.07041190911696575,6.500017626278512,0.3095622397900768
