idr,acc,psd
0.06668876815778511,2.0533289251421554,0.07592442839985991
