idr,acc,psd
0.08202796150873083,2.519582023482622,0.047380301302008286
