idr,acc,psd
0.08056468162526134,2.468150136534574,8.77590613716908e-09
