idr,acc,psd
0.04450564051427366,4.277157311468223,0.20944226391075707
