idr,acc,psd
0.046319806964071834,4.453197652990438,0.027977813622568008
