idr,acc,psd
0.0431492565713113,4.153948612362555,0.010178930906339478
