idr,acc,psd
0.058124048729696676,5.643558570974564,0.8279385638570589
