idr,acc,psd
0.0767230933252723,7.1656714958849195,0.445957776478861
