idr,acc,psd
0.30666745912633087,28.928903470671365,1.4677160621040642e-08
