idr,acc,psd
0.0626389699865948,6.073927524809289,0.4416129476108079
