idr,acc,psd
0.07307224184036575,6.7654979018976285,0.4332624426855155
