idr,acc,psd
0.07546771980333171,7.319648626630188,0.8468163592330168
