idr,acc,psd
0.05340243333418084,5.211090699233006,0.8189161453412303
