idr,acc,psd
0.30666740613225596,28.92895005188908,1.0678427764687325e-07
