idr,acc,psd
0.03951304464501736,3.714441331148751,0.05338386506181894
