idr,acc,psd
0.03951304069956512,3.7144320428927062,0.053383867655985
