idr,acc,psd
0.03841699582273304,3.7514106230476623,0.07389382718617676
