idr,acc,psd
0.057131207880579474,5.493168429996418,0.24755570902032975
