idr,acc,psd
0.016830412189875053,1.6218982424882626,2.1212489138703262e-05
