idr,acc,psd
0.016343904956293415,1.5744052004917055,0.001379769182229836
