idr,acc,psd
0.28396337033807,3.1349133109929093,0.01996929933426341
