idr,acc,psd
0.28422349837390365,3.13785075291395,0.01997811052838545
