idr,acc,psd
0.2637322274322612,2.9183202854580284,0.01995606541964738
