idr,acc,psd
0.4366437330453914,4.81845284386603,7.814362473095915e-09
