idr,acc,psd
0.17298185646320127,5.304571737204838,3.1118399431520544e-08
