idr,acc,psd
0.16421718036992755,5.042910504716575,0.4518328392641871
