idr,acc,psd
0.1841509737511222,5.656319183911159,0.5036164823651543
