idr,acc,psd
0.16421671860289183,5.042896202840454,0.45183320039934716
