idr,acc,psd
0.18415113135676422,5.656325864550517,0.5036161508828755
