idr,acc,psd
0.17298207991727668,5.304578322360928,3.111839289526287e-08
