idr,acc,psd
0.07841273468905612,7.26028660795645,1.129545793990388
