idr,acc,psd
0.061232899048289956,8.48980056117242,0.2997451745476755
