idr,acc,psd
0.01081020624213856,1.0184630318291457,0.0019406213350013825
