idr,acc,psd
0.0673782026232425,6.559283204070862,0.15059048164878555
