idr,acc,psd
0.01571798452202107,1.4957255818510595,0.0023061507947946757
