idr,acc,psd
0.043452608214927343,6.261965206532561,0.20971886601417505
