idr,acc,psd
0.03516145901648245,3.3619746071526864,0.017301095529721516
