idr,acc,psd
0.03465754613521954,3.2757949520275655,0.04070984246548398
