idr,acc,psd
0.0567582739962723,5.3862535683013135,0.12949553113913798
