idr,acc,psd
0.09439131517276228,2.8925426947321524,0.01548993312459166
