idr,acc,psd
0.8549348416151434,9.43554017224604,1.8782647170428406e-08
