idr,acc,psd
0.1588934010670198,15.190024597733371,4200.969823932462
