idr,acc,psd
0.06171477897896026,5.66094984218279,0.3052269103571706
