idr,acc,psd
0.053287392444895956,4.972447997643226,0.1231433013300322
