idr,acc,psd
0.11466146547461291,10.866520434636161,1.0426543425808716e-08
