idr,acc,psd
0.3106086438215129,3.430339562290321,0.11891127402736576
