idr,acc,psd
0.05987802421405666,5.791520588575765,0.30109037385922494
