idr,acc,psd
0.181488566189544,17.191048908712666,8.705891856000792e-08
