idr,acc,psd
0.05892540922817394,5.688560114372063,0.1233055421121439
