idr,acc,psd
0.3221508355226987,3.568922528226544,0.130625729063004
