idr,acc,psd
0.13334588449890425,4.124904192055683,0.1175169195888797
