idr,acc,psd
0.051517643268553855,4.8696645005436965,0.563523879011463
