idr,acc,psd
0.05413369813988193,5.05613256129797,0.12075699763295547
