idr,acc,psd
0.051073254857624914,4.941940677891934,0.5397135877684376
