idr,acc,psd
0.11466164641700605,10.866534113740894,9.7215411828013e-08
