idr,acc,psd
0.14865300496336403,4.5618766820735095,0.10888664700773003
