idr,acc,psd
0.232983294582598,7.143700990161221,1.672090137504339e-08
