idr,acc,psd
0.04045527068450022,3.9056077887583167,0.177013113419558
