idr,acc,psd
0.03225528443056671,3.1097695859089454,0.1367800558019714
