idr,acc,psd
0.03928527369593668,3.7920614145229115,0.11938829731920242
