idr,acc,psd
0.0506257398004502,4.791738581325725,0.8102262607905849
