idr,acc,psd
0.08808691312185556,8.46216044830907,2.9021509591398267e-08
