idr,acc,psd
0.07810032040011392,7.538952884734744,1.0707435628640696
