idr,acc,psd
0.08808693501443682,8.462158288816038,8.025993495640932e-08
