idr,acc,psd
0.06622980124506617,6.133117229290235,1.0692266646271644
