idr,acc,psd
0.05238445643995555,5.089868589624529,0.8017874564260999
