idr,acc,psd
0.06513228082638771,6.039417838311793,1.061507628425161
