idr,acc,psd
0.051274145624435656,4.8656413664691325,0.7975017565040958
