idr,acc,psd
0.0591500885136294,5.419715633531506,0.259351197723117
