idr,acc,psd
0.03731864472084634,3.4684297234544292,0.26531802398043886
