idr,acc,psd
0.038906474218179006,3.7617537199036377,0.26251145998863007
