idr,acc,psd
0.14046540579055397,13.432840617312342,1.2895257108541637e-08
