idr,acc,psd
0.04409841157333132,4.032433061408826,0.37498758686425304
