idr,acc,psd
0.03724338553217281,3.4619568696453578,0.26549793388070364
