idr,acc,psd
0.14046565418751972,13.432863329292546,3.176078901630239e-08
