idr,acc,psd
0.03749088954706922,3.6095118314897476,0.37471300251711176
