idr,acc,psd
0.04410962582725136,4.033522366440233,0.37449801703057334
