idr,acc,psd
0.3286175054961611,3.633493244088811,0.10694142330938294
