idr,acc,psd
0.07132641140486902,6.91167118997094,0.6561320244269768
