idr,acc,psd
0.0563982776666312,5.244941404821481,0.22288024923886002
