idr,acc,psd
0.04711645161990034,4.72676143987517,0.6618787483235844
