idr,acc,psd
1.4711222765587144,16.24949563163915,1.6112152574407943e-08
