idr,acc,psd
0.06064758126581593,5.858451921585206,0.7457603240442093
