idr,acc,psd
0.07518947266656252,7.251935122586203,0.7692353894474248
