idr,acc,psd
0.051292731777552565,4.9900740001246415,0.6512375750936954
