idr,acc,psd
0.351315321568611,3.8727868792386877,0.12519127337716807
