idr,acc,psd
0.3508370373243365,33.03289444485228,1.5252582542674567e-08
