idr,acc,psd
0.3508370832616944,33.03290436675117,2.18918213541803e-07
