idr,acc,psd
0.06070178405050736,5.827994898222607,0.7647919323810499
