idr,acc,psd
0.0687525926479482,2.1102439293546875,0.00018761641320287764
