idr,acc,psd
0.13136564999265885,4.029763774242605,0.2716789058079436
