idr,acc,psd
0.14209183394006986,13.375068603946646,5.1706077240145455e-08
