idr,acc,psd
0.038185364859642315,3.571258804018819,0.12496082943825557
