idr,acc,psd
0.1420918786209487,13.3750753253204,1.0774729322765296e-08
