idr,acc,psd
0.03410953604812184,3.11152047364728,0.06214579656184934
