idr,acc,psd
0.036296014250482025,3.36198907476211,0.12459232958759851
