idr,acc,psd
0.04045943122775962,3.9320416980553965,0.12122171794928328
