idr,acc,psd
0.12224014552030171,3.7396520941568308,0.05581758144649087
