idr,acc,psd
0.23967305295116342,7.347588740143051,1.2453135539337683e-08
