idr,acc,psd
0.04341249490547085,4.176406246093423,0.0643514108744467
