idr,acc,psd
0.10316033335724492,3.187414176669267,0.07237841684199169
