idr,acc,psd
0.03531144971338462,3.3545996982816852,0.061167490389442955
