idr,acc,psd
0.04316016507250568,4.1647315868907695,0.6242253120797265
