idr,acc,psd
0.06938416464616405,6.392119587416224,0.7991170775845766
