idr,acc,psd
0.0687910282905366,6.334488948494582,0.8041725934657781
