idr,acc,psd
0.04395278546107843,4.2178420954614015,0.6268049803551077
