idr,acc,psd
0.042203515452723876,4.012672097395675,0.6377167045202948
