idr,acc,psd
0.07550303340883874,7.253278471292147,2.487556068092368e-08
