idr,acc,psd
0.05577204568014602,5.39185269482143,0.7919236357925833
