idr,acc,psd
0.0755031598110196,7.253293319058202,7.997506576588397e-08
