idr,acc,psd
0.07128500080889308,2.177954158616824,0.0003367931491863656
