idr,acc,psd
0.0726986771306592,2.2244265073136065,3.6617791790393867e-09
