idr,acc,psd
0.11386617900743785,3.498016868918386,0.005339092746292944
