idr,acc,psd
0.062320815854573296,5.833335259494867,1.0339113632258348
