idr,acc,psd
0.21251211282431082,20.136754569182152,8.641794703818347e-08
