idr,acc,psd
0.11626384376517643,10.580340546247179,1.3066540378036564
