idr,acc,psd
0.06294331871668807,5.888628958401838,1.0453979478248299
