idr,acc,psd
0.11616106578094883,10.603110740462466,1.3093728171306582
