idr,acc,psd
0.08928779881627641,8.660552536029195,1.280373219389016
