idr,acc,psd
0.2125120549978229,20.136753817845616,2.6094786807233408e-08
