idr,acc,psd
0.0607878059747493,5.9020080552318746,1.0258255664927718
