idr,acc,psd
0.36180143810884213,3.9963106938350803,0.26601984274660884
