idr,acc,psd
0.026058475588418468,2.50750381776987,0.004240264589854751
