idr,acc,psd
0.05174890667961232,4.976568666511656,0.5408550445295524
