idr,acc,psd
0.17655768842525082,5.438322162022908,0.25144413555417566
