idr,acc,psd
0.08298948157942643,8.021221129048692,1.1383001701420363
