idr,acc,psd
0.02728617046906074,2.6243717460666676,0.0006535564965746086
