idr,acc,psd
0.037735719989877854,3.5821030560947333,0.019909849552808286
