idr,acc,psd
0.034059837853095694,3.2346463782578514,0.04987049022187263
