idr,acc,psd
0.09078127182805205,2.7739771472527854,0.03271673461133505
