idr,acc,psd
0.049099598242156366,4.702493384289452,0.07297133601163318
