idr,acc,psd
0.029993054875175465,2.900963389090131,0.00011067885368121074
