idr,acc,psd
0.02040789243303353,1.921579588766158,5.407452255370671e-08
