idr,acc,psd
0.019850456234734422,1.8663666075933576,0.0002652550574678321
