idr,acc,psd
0.030079402352541595,2.8979750551116097,0.0014627539780897613
