idr,acc,psd
0.022277223493444413,2.0914433802695243,0.0017831902500367502
