idr,acc,psd
0.020407929312332873,1.9215829099020185,1.082174412125968e-09
