idr,acc,psd
0.01984434585507827,1.8657729034779678,0.000262217103546376
