idr,acc,psd
0.022300608191580557,2.09407227300279,0.0017995848142052162
