idr,acc,psd
0.3596707846879161,3.9691902097349767,0.14629573844673388
