idr,acc,psd
0.04747561798287049,4.569136498749162,0.009926130471759137
