idr,acc,psd
0.04261625579062278,4.109854976414668,0.022849356100348314
