idr,acc,psd
0.06911891353097714,6.666253512988757,0.32367086855912597
