idr,acc,psd
0.06762799164652168,6.528187080612115,0.12203344376609965
