idr,acc,psd
0.04586454031960475,4.346592445273917,4.170644158290997e-09
