idr,acc,psd
0.09319419681988997,2.8574904871269196,6.688395510870303e-09
