idr,acc,psd
0.03765925788903153,3.631812385923921,0.012266906333928752
