idr,acc,psd
0.07259559746508198,6.876440889471361,8.907895197072254e-08
