idr,acc,psd
0.10140966680365221,3.112912736363627,0.006453470329503193
