idr,acc,psd
0.03181703971936211,3.001872155076663,0.03975053666887437
