idr,acc,psd
0.03158530634962623,2.9296695792379994,0.010483930866821128
