idr,acc,psd
0.2104146179687441,2.3172479357689255,0.01469136331315366
