idr,acc,psd
0.03341079098637622,3.2174126971882435,0.03557633379319944
