idr,acc,psd
0.3419750904874194,3.774228788333241,7.513080767366992e-09
