idr,acc,psd
0.04586476633091161,4.346612076396639,9.643188257460117e-08
