idr,acc,psd
0.0514300556211205,4.840130470660745,0.0467722391975405
