idr,acc,psd
0.03159445474699099,2.982577175549366,0.0393958759301766
