idr,acc,psd
0.23187248539170346,2.5715952554207457,0.027168438868004866
