idr,acc,psd
0.053459558649462315,5.170713371590662,0.04460539042946496
