idr,acc,psd
0.06791318481198831,2.0982904727030562,0.009884683028989764
