idr,acc,psd
0.03101309001595948,2.877001893409588,0.011545555409548746
