idr,acc,psd
0.158891280756852,15.189769828180017,4200.970631462179
