idr,acc,psd
0.06504826684855812,1.9933784426811054,0.02497673003168856
