idr,acc,psd
0.10452324089173157,3.2065957982748823,3.492797057595929e-09
