idr,acc,psd
0.08026223968770034,2.452032943711017,0.0030951102837477487
