idr,acc,psd
0.11037659175609507,3.3800404452403807,0.009886991085425284
