idr,acc,psd
0.04828514496872178,5.6212375782601836,0.0874802213178406
