idr,acc,psd
0.010976063431347778,1.0487695509671253,0.00018760113124318073
