idr,acc,psd
0.021685701727942788,2.0506941636743945,0.0032952153849319767
