idr,acc,psd
0.042992617768819005,4.599307860700749,0.08389607301427991
