idr,acc,psd
0.1371666452146404,4.239463276465748,0.021732883711040464
