idr,acc,psd
0.18853789946081687,5.759784062506489,0.024620512941261736
