idr,acc,psd
0.22501742884390086,6.867939948463455,4.799369199200768e-09
