idr,acc,psd
0.040611241302826846,3.921825541278462,0.17693840542813327
