idr,acc,psd
0.032221611239465583,3.1013932197421488,0.13678457418040887
