idr,acc,psd
0.0396280129354369,3.830682801466248,0.11946563384297879
