idr,acc,psd
0.033633403300979886,3.15103223335014,7.355659494100114e-08
