idr,acc,psd
0.02313363514723166,2.243863070747695,0.00498197768328534
