idr,acc,psd
0.0336334326051805,3.151031811712743,2.3855666783752896e-09
