idr,acc,psd
0.022817243985801358,2.218198599423843,0.005445983807510822
