idr,acc,psd
0.025994684564560427,2.4317842288784006,0.006930778571370052
