idr,acc,psd
0.02632981263491617,2.464136395287999,0.006691430066551931
