idr,acc,psd
0.028187648422437605,2.632089708188203,0.0036137623625216502
