idr,acc,psd
0.02656885132609302,2.487263987536431,0.003801186263094871
