idr,acc,psd
0.03215663761075475,3.0795432888370016,0.137001932118932
