idr,acc,psd
0.04049541148764081,3.892928483394256,0.17659193610191914
