idr,acc,psd
0.041261737831885074,3.9744787120080294,0.11925684240092158
