idr,acc,psd
0.050951516270871106,1.5617859064467996,0.0009495462899158677
