idr,acc,psd
0.028008822595489504,0.8608959482875497,4.259462016105472e-09
