idr,acc,psd
0.02784996917783792,0.8560571182929569,4.443019964433938e-05
