idr,acc,psd
0.06993259880479574,2.1488813484345886,0.0006017636352186487
