idr,acc,psd
0.09191249095828002,2.8249066104470217,0.0505163437840714
