idr,acc,psd
0.05690500973449037,5.407607351954479,0.5949573069619317
