idr,acc,psd
0.03221320246127313,3.1000587826055392,0.036164087579108425
