idr,acc,psd
0.031242889209996367,2.9673993734588437,0.07197834719522503
