idr,acc,psd
0.060327986820411426,5.614064206480766,0.053344547665771694
