idr,acc,psd
0.10203694984166808,9.607657227703475,5.415766485442289e-09
