idr,acc,psd
0.10203697000141809,9.607659664035216,5.4533564432243094e-08
