idr,acc,psd
0.04986248479579818,4.822450311639594,0.04778121871506306
