idr,acc,psd
0.05761024730808206,5.381193666213457,0.052171082670431246
