idr,acc,psd
0.0506330086906963,4.8863806861761345,0.050185075429200046
