idr,acc,psd
0.0571556581663633,5.3379473734194,0.05012211279331078
