idr,acc,psd
0.015321564436427416,1.452884379203161,0.0007257522966363108
