idr,acc,psd
0.04964393517694488,5.544207687854522,0.12135933773663068
