idr,acc,psd
0.0681846350835963,6.555565145410517,0.4237033450102117
