idr,acc,psd
0.07415903565951497,7.136064530430054,0.8486605241674605
