idr,acc,psd
0.06636163193268649,6.3882203585749116,0.24542891807452547
