idr,acc,psd
0.05426892157513157,5.106599914615391,0.9734171815850443
