idr,acc,psd
0.05461350721989121,5.1059044322636815,1.3580604632352271
