idr,acc,psd
0.09061915323734725,8.761474565223539,1.3405457308558653
