idr,acc,psd
0.10067086125107728,9.671044197937807,8.054484768931353e-08
