idr,acc,psd
0.1006709108971719,9.671050075973909,3.3167431275135337e-08
