idr,acc,psd
0.05258176397116463,4.918811847911654,1.349444321616458
