idr,acc,psd
0.04688561108686809,4.520770984360448,0.9728188575290344
