idr,acc,psd
0.05113385941737878,4.827233499397755,0.9862970151859219
