idr,acc,psd
0.03052539862847583,2.8166493218893733,0.012233476431286819
