idr,acc,psd
0.07259527098557002,6.876389493917637,4.97883469680403e-09
