idr,acc,psd
0.04683402230357649,4.356572343239919,0.027343169512377336
