idr,acc,psd
0.05346540138274363,5.186937014965035,0.044608579460237094
