idr,acc,psd
0.056781726360781125,5.251000882353596,0.04159622575345986
