idr,acc,psd
0.051429692591685894,4.840051536548629,0.046772070396053016
