idr,acc,psd
0.04837582930461957,4.689603098187016,0.023613809714674826
