idr,acc,psd
0.07259527502625267,6.876390316742786,8.908033859553283e-08
