idr,acc,psd
0.15927673484050417,4.8928415097816815,0.29660743774102627
