idr,acc,psd
0.1856018955470987,5.701898072838231,0.2650664467014082
