idr,acc,psd
0.5149801384198798,15.791325948308755,2.8910576605701975e-08
