idr,acc,psd
0.43743236057422613,4.845175754921618,0.1557925137741993
