idr,acc,psd
1.5282499677944061,16.86455101645062,2.7350311441425202e-08
