idr,acc,psd
0.436865666889155,4.839310311373575,0.15582916955960668
