idr,acc,psd
0.4331339443954795,4.797079093982846,0.16477035370153362
