idr,acc,psd
0.09435742162002597,2.8947275782347495,0.04723814951183931
