idr,acc,psd
0.04461953995006396,5.257721483408342,0.30303307963036125
