idr,acc,psd
0.01904209828523925,1.8067713317180838,0.0043271896160789304
