idr,acc,psd
0.06871956537353445,2.1080855751983147,0.00017836471399399612
