idr,acc,psd
0.04663838966766682,4.394695325587199,0.3442193984384898
