idr,acc,psd
0.04663849991664683,4.3947160135025465,0.3442197577346871
