idr,acc,psd
0.042535490458211464,3.981882834802358,0.3737558023048571
