idr,acc,psd
0.050609594277605224,4.598104598498567,0.1581810726109329
