idr,acc,psd
0.07826347666008845,7.422435941698141,1.2079822305481908e-07
