idr,acc,psd
0.054370710403037856,4.9765408604970025,0.06544395471329927
