idr,acc,psd
0.054152245424439895,5.245977571161414,0.1512109224510788
