idr,acc,psd
0.05404288750844815,5.206277605942752,0.06477192357234608
