idr,acc,psd
0.05484409159614369,5.0189185811979655,0.06563974317876727
