idr,acc,psd
0.07826335297125747,7.422425912023182,7.319353079857039e-09
