idr,acc,psd
0.05077782517664088,4.613280051570173,0.15716729240078076
