idr,acc,psd
0.0702481536820122,6.781644706366245,0.4216992072500532
