idr,acc,psd
0.07679140480130821,7.41360099948976,0.8467042459894765
