idr,acc,psd
0.06643596714005019,6.412405966752727,0.24470644214030857
