idr,acc,psd
0.055750916416124986,5.175849216460652,0.02399884148322687
