idr,acc,psd
0.12438080440131405,3.830614305768699,2.9609503611312693e-09
