idr,acc,psd
0.08963334317984477,8.45458971080597,9.182017708162178e-09
