idr,acc,psd
0.05384625291849343,4.9720211899982,0.016132924899184026
