idr,acc,psd
0.04795616358638983,4.623481539460146,0.022978766869527642
