idr,acc,psd
0.047839186303708946,4.386206275664258,0.013018832820050228
