idr,acc,psd
0.08963327339119624,8.454581100773087,1.018217322907715e-07
