idr,acc,psd
0.09717029754168045,2.9816117581995494,0.011633898358409011
