idr,acc,psd
0.08296401726159536,2.558369323203462,0.008043904668510245
