idr,acc,psd
0.04378561536242671,4.066948650642233,0.008372468446568623
