idr,acc,psd
0.036460407652567514,3.5470516526784466,0.01018465625464823
