idr,acc,psd
0.07575212002278232,6.964579311006798,0.3794401745957662
