idr,acc,psd
0.05084216347249255,8.615125712179458,0.07291134389706089
