idr,acc,psd
0.09527522731103569,2.9265522539196462,0.047186585419923786
