idr,acc,psd
0.11444140866256453,3.509227397770589,6.424644128470887e-09
