idr,acc,psd
0.08623497849594425,2.6484879166599096,0.025885261991392076
