idr,acc,psd
0.07751598138265513,2.3830842636297502,0.03868009792734288
