idr,acc,psd
0.013388591307631674,1.294563094414459,1.8233503874862803e-05
