idr,acc,psd
0.013508933637560352,1.3052227735116335,0.00033865291303915827
