idr,acc,psd
0.04025485076603165,3.886905432504013,0.14187754043291756
