idr,acc,psd
0.022592822397020183,2.1002227253691768,0.0015196962226675487
