idr,acc,psd
0.0254632000176915,2.3856477781738987,1.703508205938094e-09
