idr,acc,psd
0.032324138560748276,3.130151397572201,0.000993907055467717
