idr,acc,psd
0.021942406378167866,2.0454613384387,0.0007965467558356481
