idr,acc,psd
0.023845791101928717,2.221545780112976,0.0014507316498523419
