idr,acc,psd
0.030251469772112554,2.9453548228007884,0.0014110864722963123
