idr,acc,psd
0.025463211829640776,2.3856495370458664,1.1369578671558837e-07
