idr,acc,psd
0.0236528085052094,2.213409626199825,0.00020501267699735845
