idr,acc,psd
0.07885588330249992,7.424722875023208,3.4280702654907447e-09
