idr,acc,psd
0.34681421956056363,3.833329884712402,0.14024704724741366
