idr,acc,psd
0.37472184271043946,4.137688407097506,0.16432009900028446
