idr,acc,psd
0.036279159397057725,3.405287588411867,0.009975689196260403
