idr,acc,psd
0.0341117753409638,3.2118605455345857,0.024160651161412704
