idr,acc,psd
0.04729082393917721,4.550146970305332,0.009316232248488357
