idr,acc,psd
0.0368806194169997,3.451132887566199,0.011737863773753694
