idr,acc,psd
0.31040519237953856,29.081896946101118,1.0624417676796935e-07
