idr,acc,psd
0.04180843904110166,4.025172844392895,0.02229229395701813
