idr,acc,psd
0.06304773214808283,5.813023564310263,0.3294740879241074
