idr,acc,psd
0.03385385038691775,3.1893605183541274,0.022941456191279012
