idr,acc,psd
0.07885581691347537,7.424710838636567,2.1806023894561133e-07
