idr,acc,psd
0.07116900090695495,6.90446196505786,0.3212850993016459
