idr,acc,psd
1.8217192088844962,20.122065310430834,1.995197386450646e-08
