idr,acc,psd
0.041914501951139986,5.847320110558439,0.12185157788620768
