idr,acc,psd
0.011184933952596414,1.0695040239279765,0.00016676749739811064
