idr,acc,psd
0.13592686941750118,4.171293945635402,0.3437158639769133
