idr,acc,psd
0.2981283306941001,9.134568379265144,3.679480522267364e-08
