idr,acc,psd
0.13241263261718086,4.063770570528314,0.2907571176801522
