idr,acc,psd
0.04994757542641883,5.172446739974634,0.8292386749133825
