idr,acc,psd
0.06917937969397325,6.442427319366185,1.3849994632132514
