idr,acc,psd
0.02075900197267864,1.971807823934524,0.007414791829752342
