idr,acc,psd
0.12746033332570988,3.915480818757465,0.040817805902984894
