idr,acc,psd
0.0853859377487212,2.627471769846049,0.037744920547356176
