idr,acc,psd
0.1251762416759467,3.842215817006494,7.73916815044157e-09
