idr,acc,psd
0.056503181409548645,4.769998875744118,0.1739112529538698
