idr,acc,psd
0.0340343806230493,3.177278032469645,0.010979138443015441
