idr,acc,psd
0.03403447292116637,3.1772897370024555,0.010979120844340877
