idr,acc,psd
0.07627038540685908,7.355617212178121,0.8470280415398489
