idr,acc,psd
0.06939514639792596,6.697330968877605,0.4222009843118527
