idr,acc,psd
0.06646519734384615,6.412733980539944,0.24475582306019178
