idr,acc,psd
0.0300366804705101,0.9220704923526846,2.385229800732583e-09
