idr,acc,psd
0.029851181218769438,0.9163247530464916,2.5880442505247745e-05
