idr,acc,psd
0.07313619502926325,2.2488738335670218,0.001445215218977945
