idr,acc,psd
0.19909587053632502,6.118729044146507,0.19927830081865477
