idr,acc,psd
0.19181514615069328,5.908925753369012,0.222377342696387
