idr,acc,psd
0.5191845519029179,15.953921669216893,2.406954408771384e-08
