idr,acc,psd
0.05475841461222153,5.071486740877638,0.6714054782016642
