idr,acc,psd
0.08701569916187218,10.199587860933594,0.1535395625071786
