idr,acc,psd
0.08120780177910747,2.496369243157735,0.018119199663786813
