idr,acc,psd
0.09011149830048497,2.7662519294878307,7.155805078980433e-09
