idr,acc,psd
0.11668905843849015,3.5897697258624355,0.00880982265986034
