idr,acc,psd
0.11990809950546473,11.369794557653034,1.3701175536009406e-07
