idr,acc,psd
0.04949022640339415,4.540722912044085,0.06577140726448612
