idr,acc,psd
0.050736330276954,4.91003576679025,0.282092546598089
