idr,acc,psd
0.05311707724779283,5.135104865619754,0.06483067814810244
