idr,acc,psd
0.11990802720708679,11.36978779922679,7.642043878707346e-09
