idr,acc,psd
0.05732294004733939,5.25353924567742,0.3123184429196658
