idr,acc,psd
0.04964589729655009,4.524368281560227,0.06665815657994686
