idr,acc,psd
0.02600078997273948,2.4428651991440984,0.002901209107561016
