idr,acc,psd
0.05044033319525676,5.15420941075625,0.02390952375249407
