idr,acc,psd
0.057317365269823436,1.758418473432771,0.001138332597223082
