idr,acc,psd
0.06501081263610671,1.9888257778823806,0.001225055503878826
