idr,acc,psd
0.0654691379494993,5.869948597634363,0.43378678875139626
