idr,acc,psd
0.060946727826899014,5.50504659013058,0.25323937993346407
