idr,acc,psd
0.08635672657427688,2.647922935595829,3.565694850019087e-09
