idr,acc,psd
0.09326314365133874,2.8645325815244616,0.00921540076344342
