idr,acc,psd
0.06920886113957929,2.122520726865557,0.0017504541966750892
