idr,acc,psd
0.05033543306459978,4.8355318380610495,1.65837091489351e-08
