idr,acc,psd
0.05033524491111532,4.835507094207776,7.940525413680044e-08
