idr,acc,psd
0.03305804890656212,3.1055975736775614,0.27359339932391263
