idr,acc,psd
0.04512781611014966,4.383171851481773,0.3611342064041274
