idr,acc,psd
0.043890096159036454,4.143696688713325,0.38040201507609894
