idr,acc,psd
0.03977726072937961,3.765915713994476,0.3785429073777551
