idr,acc,psd
0.04609908228872924,4.474464027058296,0.2673528073055414
