idr,acc,psd
0.035683203620973325,3.3891275900099647,0.27879552269418845
