idr,acc,psd
0.05728289487893603,6.385633545346542,0.24281607393834173
