idr,acc,psd
0.0435534172011221,4.204679947287666,0.21081742571492085
