idr,acc,psd
0.04310033508713664,4.161243619203058,0.00949709869242863
