idr,acc,psd
0.043901523905595735,4.238692970894132,0.02694551410484626
