idr,acc,psd
0.09609271027712707,2.9452400627875015,0.016972165249198135
