idr,acc,psd
0.038612859578689845,1.1853041660345602,3.959475529128516e-09
