idr,acc,psd
0.038395220405944445,1.1786804050797577,0.0003274655093550098
