idr,acc,psd
0.08053674636081673,2.475418594032057,0.005178077172270905
