idr,acc,psd
0.18544586492564727,5.684676837888645,1.1438183304382825e-08
