idr,acc,psd
0.11928724753973291,3.6841577399793435,0.07422219605989312
