idr,acc,psd
0.10937983271736065,3.346266982619878,0.08045176729652036
