idr,acc,psd
0.08335759059206777,8.052584436977284,1.138317242067162
