idr,acc,psd
0.176835956410937,5.386067818719871,0.2542984976461732
