idr,acc,psd
0.35819204928048487,3.957449138846642,0.27110093687071973
