idr,acc,psd
0.025130671634931236,2.411116045167784,0.004433603038160948
