idr,acc,psd
0.024977770192963916,2.3977058776734754,0.0003736118994516806
