idr,acc,psd
0.05204473768260147,4.996177741372625,0.5415411021468749
