idr,acc,psd
0.05018017176624919,4.860584545789599,0.24730306349687425
