idr,acc,psd
0.06077046403298376,5.888678726330399,0.08586002347881735
