idr,acc,psd
0.04665142777416142,4.5078554775703665,0.036438390111935066
