idr,acc,psd
0.02871383938492027,2.7561523412661963,0.026918741377466117
