idr,acc,psd
0.03340743834114079,3.1905858655719044,0.03011696116090814
