idr,acc,psd
0.033493099294181095,3.2452308774038148,0.06228348732973901
