idr,acc,psd
0.02516756887676255,2.4177578993793496,7.883560768979325e-08
