idr,acc,psd
0.03127436484406971,2.967259599882574,0.06216639903652979
