idr,acc,psd
0.025167640670663696,2.4177663272201073,8.291863961740897e-09
