idr,acc,psd
0.035967205065907615,3.4686316193020956,0.02896594346928892
