idr,acc,psd
0.03264432720392443,3.100750437044133,0.06547564599973908
