idr,acc,psd
0.08388992599905834,2.5757094523976183,0.0059576762138617585
