idr,acc,psd
0.11320164172523642,3.471783184608415,0.022272132395150947
