idr,acc,psd
0.06323488267469135,1.9390958970929535,0.0001453410851238005
