idr,acc,psd
0.017735528099267057,1.7058815648826409,7.99770177119969e-05
