idr,acc,psd
0.07374240300925883,7.070375000609102,0.15093448137905197
