idr,acc,psd
0.01926610142901783,1.853575164096933,0.002261306320954098
