idr,acc,psd
0.09222452424221889,2.834687171792464,0.10723302462632639
