idr,acc,psd
0.12084744847831033,3.7022385029229485,1.316346539817949e-08
