idr,acc,psd
0.08696064891436392,2.6727435469329404,0.1295665668411724
