idr,acc,psd
0.0147262429348668,1.3935081029398648,0.0022051122917722075
