idr,acc,psd
0.01625220797927825,1.5455821393181504,1.6461554658106692e-07
