idr,acc,psd
0.01570274479738219,1.4892553737032688,8.089186481569885e-05
