idr,acc,psd
0.017502656200275683,1.7078249273616826,5.4646070807617634e-05
