idr,acc,psd
0.017049918019682846,1.6490942422649928,0.0019225004118858576
