idr,acc,psd
0.01566838253149572,1.4855238564139868,8.777296837587855e-05
