idr,acc,psd
0.016252127647786035,1.545572044506883,1.0841580738183544e-09
