idr,acc,psd
0.36582729955681315,11.22296240036939,1.2224835024661732e-08
