idr,acc,psd
0.13658268403563512,4.173256943802627,0.0478294020194305
