idr,acc,psd
0.1905909126743346,5.836830488093412,0.05464579816456801
