idr,acc,psd
0.07841273586988932,7.260302782769184,1.1295456442900447
