idr,acc,psd
0.06171201123648288,5.660584796852918,0.3052267588320207
