idr,acc,psd
0.01894926559028688,1.7959587758654583,0.001889083225006018
