idr,acc,psd
0.05788348159965535,5.500604601732241,0.02072855780292883
