idr,acc,psd
0.03534896606983633,3.376193724372756,0.13795247275526817
