idr,acc,psd
0.04087300734348828,3.891385831306246,0.1767798559164031
