idr,acc,psd
0.03968788900292823,3.831049233768745,0.12088527618775441
