idr,acc,psd
0.04444467851643605,4.050395704827041,0.04002022784801952
