idr,acc,psd
0.03516398256227521,3.2173986514324286,0.08571044044765767
