idr,acc,psd
0.0475694775076851,4.584377463303515,0.033329244390339685
