idr,acc,psd
0.058697604144656176,5.566826974276331,1.2074514628837566e-07
