idr,acc,psd
0.05869756439246728,5.566823637489278,5.489495085648193e-09
