idr,acc,psd
0.03542125024335033,3.2339312170995,0.08578003690038476
