idr,acc,psd
0.04443082998298592,4.054173841314917,0.04008047803591195
