idr,acc,psd
0.050309958731897524,4.873086689627094,0.0761897136836082
