idr,acc,psd
0.05036745839632118,5.230123418975373,0.023053969046053658
