idr,acc,psd
0.020633309238124398,1.9409402578823334,0.0006452177107055834
