idr,acc,psd
0.017261836501954137,1.6250526986053708,0.001711143570080055
