idr,acc,psd
0.04341712814269511,5.02321475770504,0.037927035527062364
