idr,acc,psd
0.05937333935355976,1.8220429348255347,0.0005769148031421883
