idr,acc,psd
0.09380537773827856,2.8869532031102625,0.003211601925165696
