idr,acc,psd
0.06007397972734986,1.8441579453613153,4.770509280235958e-09
