idr,acc,psd
0.03727599525989011,3.5973393782231358,0.016786954524446025
