idr,acc,psd
0.05879752222423001,5.675338092084934,0.13032913803138632
