idr,acc,psd
0.03851064463679331,3.7152487065776847,0.038177963239778415
