idr,acc,psd
0.06882485877709386,6.187127485405409,0.48364467342272127
