idr,acc,psd
0.0687298384446797,6.242496965526939,0.9246980765162258
