idr,acc,psd
0.06546902699931828,5.869959416757455,0.43378653328164996
