idr,acc,psd
0.3399660498520967,31.57116052524324,2.458035450499638e-08
