idr,acc,psd
0.0732324620043907,7.061290175770287,0.4187939304001558
