idr,acc,psd
0.07780882731429084,7.503687265085371,0.8448836782013612
