idr,acc,psd
0.33996635196060265,31.57117304674792,1.1587777810835577e-07
