idr,acc,psd
0.14694805787151902,4.513099062844953,0.255068327701571
