idr,acc,psd
0.3003710417060153,9.220816122419189,2.3852677821193514e-08
