idr,acc,psd
0.15464136987103658,4.745103209029131,0.20442191957860334
