idr,acc,psd
0.0412492281103078,3.8331150483462997,0.01155051474703101
