idr,acc,psd
0.04311341295315957,4.781491744500605,0.21115600063802142
