idr,acc,psd
0.041249276262184456,3.833127106035698,0.01155052362742255
