idr,acc,psd
0.052480135308929324,1.6130197888358009,2.599820422631399e-05
