idr,acc,psd
0.021589268721997762,0.6619819420104865,8.913946409294763e-10
