idr,acc,psd
0.021473425680933047,0.658426535041308,9.329156753979004e-06
