idr,acc,psd
0.14932126043641833,4.573134990769695,0.03563235915913446
