idr,acc,psd
0.1740802692693114,5.346206352645483,0.0427850334399209
