idr,acc,psd
0.31356671372411066,9.619695585089598,1.04784286376905e-08
