idr,acc,psd
0.06883212039642167,6.2917599120963965,0.02856650538101881
