idr,acc,psd
0.1865710137958207,5.745915461843465,4.441432973579945e-09
