idr,acc,psd
0.1344498745985118,12.681873941105824,1.3791460505445438e-08
