idr,acc,psd
0.1344498131159128,12.681870337211372,9.79326613956344e-08
