idr,acc,psd
0.04309495847683606,4.009112543188123,0.049160146091055734
