idr,acc,psd
0.03968318204341652,3.8494443819372988,0.03213250818512177
