idr,acc,psd
0.07379993374444906,6.744359698170683,0.0410804836680451
