idr,acc,psd
0.16079614636740933,4.924894059155938,0.020756522781178188
