idr,acc,psd
0.12635527374805916,3.89377481288175,0.020148984594334562
