idr,acc,psd
0.040690885482779895,3.7349751390547206,0.06266570295807221
