idr,acc,psd
0.07494114167813931,7.228879006176714,0.04634894278518664
