idr,acc,psd
0.3118366561061941,9.568227789431903,1.7350873826523782e-08
