idr,acc,psd
0.13439048356074854,4.125191751849318,0.08496326163159039
