idr,acc,psd
0.14399859219114314,4.432906963054607,0.10362346139823729
