idr,acc,psd
0.04796385272533993,4.547952145588628,3.0567608070842117e-09
