idr,acc,psd
0.043272106209759194,4.040506665134305,0.009505684903533618
