idr,acc,psd
0.04336885855702321,4.04595010519315,0.009691442623031208
