idr,acc,psd
0.04482690017609715,4.173490296174252,0.010437625579791644
