idr,acc,psd
0.04796375852788858,4.547949031515161,1.3705154678490776e-07
