idr,acc,psd
0.044386313507528884,4.300017755661545,0.007876266819153674
