idr,acc,psd
0.04301600481224002,4.1770869991994966,0.008999658874991635
