idr,acc,psd
0.044938409680689045,4.168704875950624,0.010186131124396067
