idr,acc,psd
0.07740900107462621,2.378951978625722,0.14899692683498394
