idr,acc,psd
0.07740889602577723,2.378951130840293,0.14899708319082203
