idr,acc,psd
0.09066405188452328,2.7830440984575766,0.12358805806984909
