idr,acc,psd
0.09066423159111774,2.7830495313120447,0.12358810543367134
