idr,acc,psd
0.086490863866057,2.652283848014058,1.5559120281136326e-08
