idr,acc,psd
0.08649120610305158,2.652294408259114,1.5559159045684138e-08
