idr,acc,psd
0.02014667108540574,1.9010107383780752,0.0035784006711944054
