idr,acc,psd
0.02014080069621374,1.9019543178418103,0.0036148822470880282
