idr,acc,psd
0.08175648901311229,2.5149471211914736,0.0021315359802796963
