idr,acc,psd
0.022414157768328745,2.111260738769716,0.0045507407574705405
