idr,acc,psd
0.17098763583404353,1.8871156147380972,3.756572347053222e-09
