idr,acc,psd
0.019232116020188813,1.810220457536592,0.0002514252568580779
