idr,acc,psd
0.029545468571123727,2.8701083561110625,0.0007183965072526475
