idr,acc,psd
0.16791722032943537,1.8531289208210333,0.00024236158518952048
