idr,acc,psd
0.03629800522962217,3.4382284983634435,8.975236005115821e-08
