idr,acc,psd
0.019142110384038718,1.7971784160552635,0.00030332529350949515
