idr,acc,psd
0.027364184500169652,2.6313313181620703,0.0026388098839265055
