idr,acc,psd
0.15889028759010587,15.189759723879435,4200.9709521139885
