idr,acc,psd
0.022932437537419408,2.17330425335581,9.617063682746102e-08
