idr,acc,psd
0.04659745472792406,1.4287493878189614,3.344162743038377e-09
