idr,acc,psd
0.21194070827619027,2.337877773830292,0.004848370892202517
