idr,acc,psd
0.04609285361829349,1.4169003381191299,6.783446840631473e-05
