idr,acc,psd
0.023850907036135863,2.3069077597781877,0.0033968779996017425
