idr,acc,psd
0.022932459143417436,2.1733084660794972,2.08532909058045e-09
