idr,acc,psd
0.09204774542229065,8.89993380004024,1.5692528030998996
