idr,acc,psd
0.05847795325529112,5.502094157390765,1.1653352505607895
