idr,acc,psd
0.05713894248468859,5.515042760795436,1.1516241200961002
