idr,acc,psd
0.06461920691331799,6.0156182047717,1.5865794112357425
