idr,acc,psd
0.11325481980857686,10.879932311871471,3.731335718826918e-08
