idr,acc,psd
0.11325475383550808,10.879928896822648,8.082979677776183e-08
