idr,acc,psd
0.06189120268416976,5.778672167341357,1.151633158461684
