idr,acc,psd
0.06767078448944432,6.314148027528956,1.5741317668010097
