idr,acc,psd
0.044780350364169566,1.36683123611224,1.3759561541274864e-05
