idr,acc,psd
0.09196755931780631,2.8269809242183213,0.0013203035588213326
