idr,acc,psd
0.0450038723167614,1.37359986237777,9.598831650923966e-10
