idr,acc,psd
0.04116240470096398,3.917662357950545,0.11364321557196025
