idr,acc,psd
0.06793653634083428,6.286765917988898,0.15402095722761994
