idr,acc,psd
0.08500511584878678,8.054736413727529,1.043790572680167e-08
