idr,acc,psd
0.038738913055476644,3.7632822499327303,0.11043396718433003
