idr,acc,psd
0.08500526289222131,8.054750770903942,8.391190094156037e-08
