idr,acc,psd
0.06777907552359101,6.53899498404585,0.14704677339464162
