idr,acc,psd
0.06423683549180481,5.976115045775037,0.16034033566838188
