idr,acc,psd
0.04377177010596984,4.205329527882615,0.11791094952029768
