idr,acc,psd
0.07220568887878145,6.731153094964477,0.9298098037063723
