idr,acc,psd
0.36297619246259866,34.38195998740352,2.480026276711952e-08
