idr,acc,psd
0.3629761638894803,34.38197069832074,8.36845269055347e-08
