idr,acc,psd
0.07047113694461037,6.796446736313138,1.4429992938952314
