idr,acc,psd
0.05853238199240783,5.351523768871418,1.488729189859769
