idr,acc,psd
0.08402926593389415,8.11857230171602,0.8992806760757255
