idr,acc,psd
0.06265944557822743,5.858044366980957,1.4785150949765844
