idr,acc,psd
0.05471068838815576,5.11459799508415,0.8978251988041928
