idr,acc,psd
0.16932014605342377,5.2124405325835586,0.38171522239662253
