idr,acc,psd
0.15317898695562604,4.7079756782210715,0.34407077805735403
