idr,acc,psd
0.5457148876240085,16.744419466043478,3.0364181732888496e-08
