idr,acc,psd
0.0517326922116173,4.845257926635397,0.5873718047538148
