idr,acc,psd
0.19306232025127076,5.926457094096472,1.9797291894154646e-08
