idr,acc,psd
0.1261619395664453,3.874190851232729,0.14182591546865672
