idr,acc,psd
0.10058903391855739,3.090957049764903,0.14154542463526731
