idr,acc,psd
0.10155001601851851,3.1175667906614972,0.16849683318732958
