idr,acc,psd
0.16507195753328074,5.066242912190322,0.02428395670931121
