idr,acc,psd
0.039851031306950196,3.7201797359774433,0.07724662881396394
