idr,acc,psd
0.15685810904596909,14.79551262487784,1.6082261056855563e-08
