idr,acc,psd
0.13235276317827382,4.09373083402645,0.025937272681479443
