idr,acc,psd
0.07663127937745538,7.430731505130255,0.05286297688337361
