idr,acc,psd
0.0737519245806122,6.766461505851081,0.0427965216256658
