idr,acc,psd
0.15685832183365392,14.795540427273096,9.597575868730815e-08
