idr,acc,psd
0.04324482357048416,4.112818292212217,0.06119072879001171
