idr,acc,psd
0.07979970068191868,7.2565903044210405,0.0524488129900541
