idr,acc,psd
0.21766609014698118,6.703565410180361,5.181660954288139e-09
