idr,acc,psd
0.05975517766751298,5.788480651389353,0.052023447595097104
