idr,acc,psd
0.04338323009526796,4.186109882400614,0.026698005567130378
