idr,acc,psd
0.042635369103472605,4.116481848910751,0.00928249277666048
