idr,acc,psd
0.04311341295315957,4.162048375835923,0.21115600063802142
