idr,acc,psd
0.13977113016541703,4.289565113198602,0.06758482574238968
