idr,acc,psd
0.31661528775243064,9.71221993739971,1.2075889026748317e-08
