idr,acc,psd
0.11657914179734674,3.5899081113056344,0.08872176855573839
