idr,acc,psd
0.0194450682677384,1.882933011648778,6.486215437667273e-05
