idr,acc,psd
0.07354741756192301,7.09478535949329,0.15140384754786987
