idr,acc,psd
0.018694114488361117,1.800012573668874,0.0019897841735407517
