idr,acc,psd
0.04012616052804184,3.8771564407411305,0.1770878074021711
