idr,acc,psd
0.043667717830013324,4.034664973295544,0.13718163989248763
