idr,acc,psd
0.059631737853411484,5.494705431402374,0.0664626734876344
