idr,acc,psd
0.04906460883788828,4.766170963366261,0.06777397749152766
