idr,acc,psd
0.12244419805274737,11.529175502766591,6.499144279694524e-09
