idr,acc,psd
0.12244415867544113,11.52917189276011,5.4648154373456896e-08
