idr,acc,psd
0.06063723889031074,5.588609123287823,0.06432582794169868
