idr,acc,psd
0.05385927553921211,4.879126912096361,0.07044945590649923
