idr,acc,psd
0.05963851468169866,5.789270444124079,0.05748347038878935
