idr,acc,psd
0.053545039412010303,4.881331128450949,0.07294993728542787
