idr,acc,psd
0.0878652463040857,2.696556370421672,0.0038116458945979324
