idr,acc,psd
0.061587617649333924,1.889005587578942,0.00034221421401135744
