idr,acc,psd
0.06476812334302456,1.9859583049365637,2.674236398600111e-09
