idr,acc,psd
0.3021810081339021,3.335430015307626,0.03328598279707439
