idr,acc,psd
0.058838805033359406,5.428570178529998,0.019043068210540387
