idr,acc,psd
0.019967278417220465,1.8835790672642991,0.0009263362095690158
