idr,acc,psd
0.06089645100053038,5.732174377307994,5.3463733823576e-08
