idr,acc,psd
0.102717704060759,3.1489872348174286,5.337051638664385e-09
