idr,acc,psd
0.035838749678629496,3.3217764318631122,0.010359747090305873
