idr,acc,psd
0.04598301269815398,4.444466363773082,0.014524369701327004
