idr,acc,psd
0.025946574384084955,2.407253783456591,0.02163791252644884
