idr,acc,psd
0.030563639629948562,2.821109440546742,0.01815338971638118
