idr,acc,psd
0.06089656734185004,5.73219014427546,4.617728683270797e-09
