idr,acc,psd
0.034337666843114525,3.3056153842505642,0.00907179781805133
