idr,acc,psd
0.07041476150440033,2.1515097990023655,0.008463683188046408
