idr,acc,psd
0.0805221861432198,2.483551632981987,0.01349255124536259
