idr,acc,psd
0.034371287493651474,3.2113667379397257,0.0119642109483171
