idr,acc,psd
0.14057497435438257,4.351664560475656,0.028143869801743507
