idr,acc,psd
0.19497212634401792,5.985026937613261,0.042727505097737824
