idr,acc,psd
0.2544433582442469,7.785428897684641,1.2816189352901275e-08
