idr,acc,psd
0.17271386721905216,5.295862010710947,7.131375737399483e-09
