idr,acc,psd
0.08761476050424757,2.69465208009209,0.013733288824836196
