idr,acc,psd
0.11678331565194375,3.588402137693223,0.020662782214773086
