idr,acc,psd
0.028357602652913556,2.7276498649765784,0.0016570866655225283
