idr,acc,psd
0.015324259035716877,1.4517768510452163,3.6005528184402985e-05
