idr,acc,psd
0.015810515447090216,1.499138197472325,1.0073948588038622e-09
