idr,acc,psd
0.015282688293465201,1.4456542465794309,0.0015122506922372948
