idr,acc,psd
0.01532354604604563,1.4523542974391552,3.581339956247383e-05
