idr,acc,psd
0.015810557927336905,1.4991372835376846,1.3706926910468532e-07
