idr,acc,psd
0.029034349968803327,2.8082363721353882,0.00016280902924409513
