idr,acc,psd
0.16805350522806228,5.1653850752927335,2.5556867569575085e-08
