idr,acc,psd
0.09263004237481784,2.8448640836506986,0.20170871886928665
