idr,acc,psd
0.10760777404060777,3.3081653004690286,0.17480962964210942
