idr,acc,psd
0.04800010210693557,4.509814429526465,0.20297241681728886
