idr,acc,psd
0.04484886802555602,4.3098749327399295,0.2568458056011227
