idr,acc,psd
0.04800007229981169,4.509803610372154,0.20297245395612282
