idr,acc,psd
0.38082091227686266,4.198800241031174,0.1503327042634411
