idr,acc,psd
0.0680431356393321,6.542891385934405,0.12418462966636062
