idr,acc,psd
0.04293572860979422,4.129018454914814,0.023292112309347426
