idr,acc,psd
0.04651777317991271,4.471539525476174,0.010612559275536738
