idr,acc,psd
0.03669548439594894,3.3567062818155136,0.06008361974255687
