idr,acc,psd
0.03669546681935598,3.3566916704538676,0.060083540522190934
