idr,acc,psd
0.056258269295035884,5.417011885079286,0.40709728930372446
