idr,acc,psd
0.09450466391254728,2.8977864268781888,0.016615111755245
