idr,acc,psd
0.5016903427695896,5.549412299321237,0.2571929069379841
