idr,acc,psd
1.9648927239839662,21.682993506739344,3.516468210716949e-08
