idr,acc,psd
0.5072641202584304,5.6130031346075215,0.24631067387314204
