idr,acc,psd
0.5078428961623939,5.6190653820148295,0.246217610876907
