idr,acc,psd
0.11433072850771644,3.5170102859145875,0.03235360236850783
