idr,acc,psd
0.128774822947536,3.945978066027234,0.04655028612713239
