idr,acc,psd
0.20767481720483605,6.381599136721895,9.627887083154638e-09
