idr,acc,psd
0.07864350535986615,2.411061403226072,0.004983910812934819
