idr,acc,psd
0.12304958778060165,3.7760337399700403,0.2969096037762254
