idr,acc,psd
0.12304962157705854,3.7760347703993684,0.2969094368533399
