idr,acc,psd
0.09438123891513038,2.896861522196419,0.01551964588688305
