idr,acc,psd
0.06418494616097158,6.224036420785356,1.2387454564134583
