idr,acc,psd
0.07077582003926122,6.4447060207702265,0.35009474514500555
