idr,acc,psd
0.053065075923329506,4.879967451177643,1.2148658402919963
