idr,acc,psd
0.18215467054632076,17.16161109205992,2.0358949152619813e-08
