idr,acc,psd
0.0709646863312331,6.4568673997044534,0.34945149683804877
