idr,acc,psd
0.07794310137658798,7.527904570878244,0.3484321616425919
