idr,acc,psd
0.054352366243234286,5.00532441765173,1.2134093741208387
