idr,acc,psd
0.18215448255114092,17.161593166664726,3.8051271110527375e-07
