idr,acc,psd
0.204445081082526,19.285975520795787,1.0774743352217284e-07
