idr,acc,psd
0.04862005275869458,4.513162042287131,0.40245919165566457
