idr,acc,psd
0.06349506681361827,6.161673252216249,0.17199947907004476
