idr,acc,psd
0.05304127560744133,5.000268712577384,0.4136233108286292
