idr,acc,psd
0.050359262434079954,4.800156079406941,0.175716685257571
