idr,acc,psd
0.04884215931464875,4.697326858319971,0.3964363174858253
