idr,acc,psd
0.20444526375502495,19.28612992193102,9.78462851722407e-09
