idr,acc,psd
0.049913142897578186,4.759967928066111,0.17349820637932747
