idr,acc,psd
0.3437140838839055,3.79563001685053,0.2580464804024753
