idr,acc,psd
0.1732803427301297,5.298364219847411,0.25233798284222897
