idr,acc,psd
0.0824163984043527,7.963443927646921,1.1384294723511768
