idr,acc,psd
0.05136021181513602,4.960671339253461,0.5403028585533919
