idr,acc,psd
0.02891997948193311,2.7953110479777417,0.0036672362818620436
