idr,acc,psd
0.030360714104346792,2.9315461740032855,0.0009799229602809093
