idr,acc,psd
0.0665585515224544,6.133160674666519,0.14501820299464327
