idr,acc,psd
0.05326819030188737,5.171390026630905,0.043200166107336686
