idr,acc,psd
0.059507318555456976,5.740843769053074,0.1450524461067516
