idr,acc,psd
0.06678800586805592,6.156681920057256,0.14522195061675197
