idr,acc,psd
0.05600647918142995,5.241266471051247,0.039739655149339005
