idr,acc,psd
0.05606428733214016,5.243883380535079,0.0401312750454471
