idr,acc,psd
0.161169287400298,15.138448125097174,1.0970387500173659e-07
