idr,acc,psd
0.1611691437583053,15.138435958069337,6.946653338359912e-09
