idr,acc,psd
0.04022987502832239,3.7939608652875254,0.01981651044817149
