idr,acc,psd
0.0404896413623613,3.637646199254566,0.01898597109230163
