idr,acc,psd
0.09172933168189541,8.693227624452371,8.341343846746827e-09
