idr,acc,psd
0.04376754732310503,4.008400487158709,0.06731785276520064
