idr,acc,psd
0.1143709809752495,3.50099159554418,0.0765920317969911
