idr,acc,psd
0.04840952559852258,4.444898455492926,0.3038442802083661
