idr,acc,psd
0.0439963241238881,4.067023885894193,0.0676537638815609
