idr,acc,psd
0.14287902787374407,4.373781864203109,0.060001860275384566
