idr,acc,psd
0.2650174867045596,2.932252807986239,0.0727835344086055
