idr,acc,psd
0.1451909475539395,13.752857715578841,8.773230395008257e-08
