idr,acc,psd
0.18638744679216837,5.714968334987122,1.33767115687586e-08
