idr,acc,psd
0.04919401124737675,4.76836327213444,0.29410760115669204
