idr,acc,psd
0.15889276899359672,15.18993205088091,4200.970072800815
