idr,acc,psd
0.055219622172143504,5.072696181541914,0.18971168561484825
