idr,acc,psd
0.06580246176923425,6.36454357124811,0.19103443379951546
