idr,acc,psd
0.04782608319318841,4.461167739423627,0.30427064917641333
