idr,acc,psd
0.09172916025418361,8.69320515780584,9.695416516055284e-08
