idr,acc,psd
0.27628128569658883,3.0540238797359094,0.08249223283168873
