idr,acc,psd
0.04906120400254733,4.744582846070127,0.062627046205235
