idr,acc,psd
0.6839480638051436,7.548434309229317,1.5026140858588564e-08
