idr,acc,psd
0.07354741756192301,9.650585869082663,0.15140384754786987
