idr,acc,psd
0.07825169478041621,7.198892386251747,0.1778223647082116
