idr,acc,psd
0.07825174213182635,7.198885096358786,0.1778223287625906
