idr,acc,psd
0.06652713125573632,7.565235885393162,0.16357897477178196
