idr,acc,psd
0.06810842956982852,6.1323747067316905,0.6034483395601208
