idr,acc,psd
0.06810841728748104,6.1323720645708,0.6034486249166688
