idr,acc,psd
0.0582792191439947,5.602784141807754,0.08758181924453835
