idr,acc,psd
0.05092714363030938,4.90720710987512,0.24712590176417504
