idr,acc,psd
0.048215583603687676,4.635307684475083,0.03674078473738644
