idr,acc,psd
0.07722697506154048,2.3666015927759454,0.0003255642841732577
