idr,acc,psd
0.1989634321233459,6.083600923631346,0.06695564500272527
