idr,acc,psd
0.14016103423852258,4.320411777687896,0.06048828549466929
