idr,acc,psd
0.41808741315868553,12.826213881948155,1.3971274468468106e-08
