idr,acc,psd
0.04077873906632383,5.561794736805737,0.1419774565223284
