idr,acc,psd
0.17340133602868266,5.324824682147282,0.44058657587295774
