idr,acc,psd
0.1675319622167699,5.1455270586667075,0.4826686274757804
