idr,acc,psd
0.6236742766014773,19.136482201441066,3.470195174464276e-08
