idr,acc,psd
0.06681095728814435,6.3598186910852785,0.33119305190560583
