idr,acc,psd
0.0820284163255912,7.766430269379935,0.41017037755252217
