idr,acc,psd
0.05196521152876748,4.939061070157435,0.1114555329177933
