idr,acc,psd
0.0759943321922339,7.092006858054816,0.541089524310226
