idr,acc,psd
0.08469600778861587,9.863066302108471,0.18440829002636022
