idr,acc,psd
0.07599420051921446,7.091989359248309,0.5410894465866636
