idr,acc,psd
0.08483507047090427,7.733337511354201,1.078887013729637
