idr,acc,psd
0.051265595562406535,9.555719378612412,0.16165943525736903
