idr,acc,psd
0.023676268270373425,2.2814258423709064,0.001309493935532065
