idr,acc,psd
0.04676963693100688,4.496462494848839,0.10035375930884696
