idr,acc,psd
0.026338615935695336,2.5359809280526693,0.0007042553126539406
