idr,acc,psd
0.04676968452579921,4.496455984704892,0.10035373982569791
