idr,acc,psd
0.234406084175348,21.768261084205548,1.2086361952167283e-07
