idr,acc,psd
0.06050839870846074,5.4691877819725985,0.13286103568760335
