idr,acc,psd
0.060893423662062414,5.556891257893502,0.11048519888386087
