idr,acc,psd
0.23440617554822193,21.768265162990325,1.694817699350229e-08
