idr,acc,psd
0.0653442972278365,5.930818096284309,0.2919402385314853
