idr,acc,psd
0.06094700873754297,5.505071699927632,0.2532392251736535
