idr,acc,psd
0.07066082407708847,6.8480315854926666,0.10586026647814066
