idr,acc,psd
0.06617527589130918,6.390412714414849,0.2452038681770211
