idr,acc,psd
0.019023613664631678,1.8332197186514947,0.0020089998475381985
