idr,acc,psd
0.07311582559901093,7.056977347056352,0.15149199880640465
