idr,acc,psd
0.019804636921304606,1.9176383901668994,6.3472643116936e-05
