idr,acc,psd
0.052895274001662704,5.094890197355533,0.10865604744028662
