idr,acc,psd
0.08315494583079941,8.003253285975145,0.4059440920516776
