idr,acc,psd
0.06879859393717865,6.6369938814872205,0.32427462235054955
