idr,acc,psd
0.061965810398523995,8.148927514470165,0.19230474483020477
