idr,acc,psd
0.020308202765307783,1.9112736007670255,0.0021179667370834496
