idr,acc,psd
0.044309652429227735,4.303840551544835,0.07558241148716195
