idr,acc,psd
0.04412758293753167,4.126829485384263,0.08013747319784069
