idr,acc,psd
0.04376906071903401,4.0979726536803645,0.07991484297905463
