idr,acc,psd
0.10744630664048481,10.09231058869364,4.631100611122873e-09
