idr,acc,psd
0.057279528289774104,5.290999031054728,0.02929457317660042
