idr,acc,psd
0.10744621544819426,10.092302635717058,1.0968912790786428e-07
