idr,acc,psd
0.054512404226507105,5.260809271413316,0.027969902241695342
