idr,acc,psd
0.05752743259629916,5.318991617821462,0.02897735813909126
