idr,acc,psd
0.05681544878022856,5.347995195396216,0.03751993988785564
