idr,acc,psd
0.05549217116958908,5.390452935942826,0.03988328308021143
