idr,acc,psd
0.06383264801285404,5.895764543106305,0.12708269301077488
