idr,acc,psd
0.06353756227715637,5.867086585137403,0.12723169470502999
