idr,acc,psd
0.05592614241485295,5.4060542199960215,0.12595657109329758
