idr,acc,psd
0.1432614783145515,13.456389469095098,1.0969893731006274e-07
