idr,acc,psd
0.14326167457085992,13.456408124529059,6.174800244105112e-09
