idr,acc,psd
0.05690588213660832,5.3535062480847,0.0379061610009076
