idr,acc,psd
0.02540033777275388,0.7788361121385419,1.1265453574376327e-05
