idr,acc,psd
0.07358411643986666,2.2655017446001735,0.00025560908508756553
