idr,acc,psd
0.032980521203507425,1.009134743648581,1.6612285852299724e-09
