idr,acc,psd
0.02901314777507831,2.7090329322082707,0.008140510035745343
