idr,acc,psd
0.05062824148215703,4.6425043681484555,0.09890784503622475
