idr,acc,psd
0.06375747389136481,7.829719388931308,0.5346129270769989
