idr,acc,psd
0.056228500269272716,5.185677342861743,0.08329311863644111
