idr,acc,psd
0.0562281603441212,5.185648609111574,0.08329325568193294
