idr,acc,psd
0.03569126514265249,3.4388151563826135,0.01898319990649388
