idr,acc,psd
0.04022497767880255,3.8664863210968434,0.047454952962034745
