idr,acc,psd
0.046222271971174345,4.45150478380347,0.07048816376931157
