idr,acc,psd
0.09544471811670747,2.9153717558891015,0.028270277744246244
