idr,acc,psd
0.20931679728802038,6.426566449633004,0.7617530595390584
