idr,acc,psd
0.22031934110540957,6.762268675750281,0.8611528368778033
