idr,acc,psd
0.3625399422487959,11.106642183307242,3.9491652757886014e-08
