idr,acc,psd
0.2385193416998735,22.500297777814005,1.0742630653547993e-07
