idr,acc,psd
0.04789052537852729,4.529019754411493,0.5395395118363019
