idr,acc,psd
0.23851928166077457,22.500344362698314,1.1415457891228471e-08
