idr,acc,psd
0.07912716499546257,7.669019766111614,0.5357930757874724
