idr,acc,psd
0.07665738386530273,7.113641079127823,0.24149899055724752
