idr,acc,psd
0.06596601618397825,6.210315789867288,0.24525373819127247
