idr,acc,psd
0.049897537490523024,4.7465160708174725,0.5465523917499961
