idr,acc,psd
0.05077111829240129,4.926418670222878,0.23028489977295183
