idr,acc,psd
0.28610100382585857,8.772988184559852,1.6061573512164528e-08
