idr,acc,psd
0.11374041415748853,3.4909230297151588,0.11014724957379904
