idr,acc,psd
0.131313663578924,4.041241479803133,0.12808356572218724
