idr,acc,psd
0.07641636882522411,7.020503329756174,0.8644584488041817
