idr,acc,psd
0.044617875398842606,8.557124619940845,0.10227019554461954
