idr,acc,psd
0.07620204006561322,7.38032019592395,0.7254785138010563
