idr,acc,psd
0.06674897422142205,6.224884286009312,0.7509047350550611
