idr,acc,psd
0.0734049033052234,6.795511829889042,1.223379869129912
