idr,acc,psd
0.32667853319248086,30.943778484249613,2.2316774212089772e-08
