idr,acc,psd
0.07369429375137865,7.103445422893097,1.2293459124468296
