idr,acc,psd
0.06072577166523185,5.537722777396667,0.7264240237530648
