idr,acc,psd
0.3266786527714302,30.943772494893295,8.434837406359677e-08
