idr,acc,psd
0.08165833958649417,7.531867408453095,1.2165567625361011
