idr,acc,psd
0.08110019375863786,7.195087536183358,1.2697438700594357
