idr,acc,psd
0.0801254311533353,7.2427322067838755,1.9695082087942273
