idr,acc,psd
0.08199308430822269,7.412758500815304,1.3123430925345425
