idr,acc,psd
0.4688122645050172,43.53654230003386,1.0979273752322216e-07
