idr,acc,psd
0.09149132319403412,8.83542665753677,1.259546251211889
