idr,acc,psd
0.08125193536457251,7.87741703769449,1.918310655805567
