idr,acc,psd
0.4688126087605912,43.53657445140331,3.389639312108221e-08
