idr,acc,psd
0.08286603334058429,7.437878415676088,2.0599453114885065
