idr,acc,psd
0.03723605421955035,3.514293716612092,0.05080699911815844
