idr,acc,psd
0.020496534609049984,1.938237036073891,0.0019261727378933509
