idr,acc,psd
0.048880100877998135,4.4867339653404965,0.08952368752252199
