idr,acc,psd
0.04329822266355355,4.181325156846998,0.05338030183485953
