idr,acc,psd
0.04526485902235029,4.324830731428968,9.192700527850775e-09
