idr,acc,psd
0.05204464922185792,4.822456551905585,0.058234905430061136
