idr,acc,psd
0.04549793490352116,4.232370575993021,0.053756512214252435
