idr,acc,psd
0.04526468198280915,4.324814487016823,2.2340258863037353e-07
