idr,acc,psd
0.04846384759618513,4.683434005691185,0.0851031459421399
