idr,acc,psd
0.044348427532446694,4.162894313757912,0.0758317460388063
