idr,acc,psd
0.039530097993246936,3.6649868351140302,0.12151664098611306
