idr,acc,psd
0.0403860998096782,3.928388038884113,0.15786853621870955
