idr,acc,psd
0.039530039262187525,3.6650086724198605,0.12151666394105048
