idr,acc,psd
0.02162059605407758,2.088173942276602,2.2982441037958857e-05
