idr,acc,psd
0.02062668380202027,1.9803378558683038,0.0015975701349046452
