idr,acc,psd
0.048630783116754166,4.665620871177834,0.28790227431102416
