idr,acc,psd
0.049173809175559184,6.007906622791836,0.3301142599793802
