idr,acc,psd
0.027643315998676865,2.606099434855211,0.016360013915227206
