idr,acc,psd
0.02764297655891698,2.606066854017933,0.016359985427253962
