idr,acc,psd
0.05550925069435082,1.7021781892522463,0.0010735570140406388
