idr,acc,psd
0.11739387421208548,3.593545203887372,0.02505991302454288
