idr,acc,psd
0.10114363892700412,3.103752981071464,0.165438199920169
