idr,acc,psd
0.19565851873326884,18.556075665735243,1.829833374794584e-08
