idr,acc,psd
0.19565856907138068,18.556079399987723,1.2111693948652223e-07
