idr,acc,psd
0.06911315278211622,6.67952787211615,1.1572952071181206
