idr,acc,psd
0.08524599055433492,7.71897981877188,0.3002647471468218
