idr,acc,psd
0.08837218023504326,8.525101886630935,0.3013733967765099
