idr,acc,psd
0.08515235486778358,7.71527292423444,0.30473304417496755
