idr,acc,psd
0.08057407347056855,7.383883197085783,1.1656852579804557
