idr,acc,psd
0.0804076804208716,7.374753582271872,1.1621867223388398
