idr,acc,psd
0.03656210033321768,3.536568020202661,0.06999898079691699
