idr,acc,psd
0.0365581683157409,3.5298627590012424,0.033850113921718196
