idr,acc,psd
0.060908430686231675,5.870601727472798,0.5855653668700865
