idr,acc,psd
0.04723890490215066,4.555739644437862,0.010211420237158778
