idr,acc,psd
0.06793172240919751,6.533253664356037,0.12284381281266338
