idr,acc,psd
0.3681156450067033,4.069043384521626,0.14803853018853178
