idr,acc,psd
0.042812382386608214,4.124094698946542,0.0230470718554726
