idr,acc,psd
0.11913467648698312,3.6490532748057243,0.2801243818110543
