idr,acc,psd
0.05291846713111541,5.238441168591386,0.28642883304921857
