idr,acc,psd
0.010820337238201545,1.0194813264087774,0.0019411062196064408
