idr,acc,psd
0.36938452437222336,11.33092354613066,1.4088506003274313e-08
