idr,acc,psd
0.14355288914635692,4.409576097701109,0.09560292136541534
