idr,acc,psd
0.10334746786083426,3.175507151635179,0.12063051062082877
