idr,acc,psd
0.11289326339577171,10.29135131098121,1.116389750383503
