idr,acc,psd
0.07412389370110141,7.1460458987012405,1.0884775256041688
