idr,acc,psd
0.1912609470613154,18.12308607834646,2.348530450484282e-08
