idr,acc,psd
0.19126083444995198,18.123076537939056,8.600029132982675e-08
