idr,acc,psd
0.06491586570447168,6.0419118930091855,0.8441031006687902
