idr,acc,psd
0.11223082709319779,10.271992671109956,1.116931814834685
