idr,acc,psd
0.06342755587295223,5.9353750042404405,0.8368300187315816
