idr,acc,psd
0.06795237732769781,6.548419026610543,0.8397161448202707
