idr,acc,psd
0.05516729425343676,5.316396218628516,0.3541206128604253
