idr,acc,psd
0.08955798189361774,8.272731311053338,0.1302822599269174
