idr,acc,psd
0.08863596887297805,8.214885413376232,0.1325857870070702
