idr,acc,psd
0.06170436738999966,5.953618564795865,0.12631492701191802
