idr,acc,psd
0.14910314389421458,14.179606524047681,1.6592554732374674e-07
