idr,acc,psd
0.059141223022359725,5.503602770058603,0.3506252672554082
