idr,acc,psd
0.05875767043294497,5.440828229083199,0.36279912950782567
