idr,acc,psd
0.14910334525708388,14.17962947751873,9.946550935839187e-09
