idr,acc,psd
0.07683817314052345,2.359881794275173,0.0028772424536409086
