idr,acc,psd
0.04172526538146662,1.2807352498042912,2.579666509296478e-09
