idr,acc,psd
0.04141832140671233,1.2712399338796265,6.049222340421954e-05
