idr,acc,psd
0.02681473789589177,2.5844314223844824,0.0006125339523649397
