idr,acc,psd
0.04662534659214129,4.484720986603936,0.09947217960692574
