idr,acc,psd
0.04662545681436521,4.484728836038176,0.09947198140201198
