idr,acc,psd
0.023938133740449133,2.308185955035584,0.001295541572913767
