idr,acc,psd
0.16816317175350123,15.754884251360478,7.352934976199402e-08
