idr,acc,psd
0.06240216468920893,5.784951644313246,0.12776734157230452
