idr,acc,psd
0.04852381334535804,4.6804738056775745,0.3704077086011937
