idr,acc,psd
0.16816343936128014,15.754909403800545,1.1927793154012018e-08
