idr,acc,psd
0.04885931015815399,4.565472829144038,0.390946823749593
