idr,acc,psd
0.049192509450027004,4.593707859492287,0.38910234303013774
