idr,acc,psd
0.07724575150135393,7.478368518363554,0.1304766739118775
