idr,acc,psd
0.06278550724851417,5.8091203875216975,0.12519894809494794
