idr,acc,psd
0.037922968367636395,3.6377802800598285,0.1413956819874117
