idr,acc,psd
0.013701381404871121,1.3228512788982987,0.00033914521308910534
