idr,acc,psd
0.01358909425378472,1.311304031470645,1.8490961555314126e-05
