idr,acc,psd
0.13624809358070897,4.181618791877783,0.06785681375278635
