idr,acc,psd
0.14780438121604286,4.5433089744924455,0.08114226604038623
