idr,acc,psd
0.21770358613457924,6.674460865540771,1.3934921957962108e-08
