idr,acc,psd
0.14780448243133648,4.543312256943796,0.08114191859907158
