idr,acc,psd
0.21770373829941825,6.674464631005322,1.3934949190739012e-08
