idr,acc,psd
0.062330100634065036,5.994344079838294,0.29729692634993893
