idr,acc,psd
0.08437134618989339,8.126999279442888,1.1324066536571573
