idr,acc,psd
0.07935059594270745,7.646549925398851,0.6727701313828655
