idr,acc,psd
0.08696880864327348,7.9826332045148645,0.13834078379541384
