idr,acc,psd
0.05284703340479013,8.176772714743588,0.10863574636489506
