idr,acc,psd
0.05845664666629289,5.3935289543369835,0.33592522717084033
