idr,acc,psd
0.018524725489215025,1.7564329778445646,0.004742506137767159
