idr,acc,psd
0.04161185487666811,3.7846876151079996,0.07600211368181274
