idr,acc,psd
0.08270286570405683,2.557619149803272,0.03428092896533728
