idr,acc,psd
0.039863610787897824,3.7256255612404967,0.07331996702137702
