idr,acc,psd
0.15979882887085775,4.921849178096414,0.07302657987959366
