idr,acc,psd
0.06917259400617728,6.646155289465302,0.12497954037771844
