idr,acc,psd
0.07157188511630296,6.8655652989651434,0.17843517744917833
