idr,acc,psd
0.0830966353760921,2.545093774930331,0.0029828467147201975
