idr,acc,psd
0.0701580691581301,2.1558622821872686,0.021050081121863837
