idr,acc,psd
0.08735246222331336,2.6835276846332303,0.026116513077307196
