idr,acc,psd
0.07722548730676954,2.370600859707916,7.91892940469782e-09
