idr,acc,psd
0.051849983309367666,4.991759935885546,0.16339291695794825
