idr,acc,psd
0.0818922748381087,7.624037720851576,0.1650189372840309
