idr,acc,psd
0.07984407328886375,7.441585208415165,0.1675034867804136
