idr,acc,psd
0.16774103588244424,15.95205546551799,1.6610933744369177e-07
