idr,acc,psd
0.1677411027748633,15.95206608214989,1.1189866423564058e-08
