idr,acc,psd
0.06251399184191912,5.826481297083342,0.45183554119870334
