idr,acc,psd
0.06510536865833357,6.073897160927956,0.46398500489318373
