idr,acc,psd
0.05697318799102282,5.5224150619054555,0.4408370182914816
