idr,acc,psd
0.07483831719077504,6.972650147285265,0.3663029495262613
