idr,acc,psd
0.074645824496646,6.950872470810165,0.3642269300972361
