idr,acc,psd
0.07088199434307042,6.874698483335325,1.3223881077170836
