idr,acc,psd
0.06919377168704036,6.527347687836247,1.3243286341047205
