idr,acc,psd
0.06528381068201743,6.294703335507896,0.394792417364771
