idr,acc,psd
0.23981520610656185,22.739507502128667,1.528413061119871e-08
