idr,acc,psd
0.23981505891609553,22.739495553475496,1.3694569168675386e-07
