idr,acc,psd
0.06847531754967627,6.4601930485189545,1.3264974121031226
