idr,acc,psd
0.036007525454262404,3.377623257885216,0.0304730203655897
