idr,acc,psd
0.04515563161586656,4.213045359573743,0.09993245957065477
