idr,acc,psd
0.03600744578002727,3.377493201334644,0.03047300934284637
