idr,acc,psd
0.13629669382298487,12.857305694303992,1.0838932034151952e-07
