idr,acc,psd
0.13629694239750584,12.857444131709917,6.523115491943032e-09
