idr,acc,psd
0.04415245043568673,4.261176974840375,0.06560853891988963
