idr,acc,psd
0.057688233640849476,5.556679915112639,0.13830151874802635
