idr,acc,psd
0.04180823834238385,4.011456492560032,0.06847415763587839
