idr,acc,psd
0.048126959343229664,4.520162846326788,0.07103418201896183
