idr,acc,psd
0.056735012022255,5.3805160298229735,0.1469372190296674
