idr,acc,psd
0.055175481952951175,5.222400036748746,0.14341452706407157
