idr,acc,psd
0.05221152979844231,4.6856677613877995,0.008324728750473201
