idr,acc,psd
0.14064348499732834,13.060929635793709,1.016901547952015e-08
