idr,acc,psd
0.05427324577243016,5.23545077063036,0.00801571751928897
