idr,acc,psd
0.050519117326809554,4.879827931361358,0.0436279267928269
