idr,acc,psd
0.05040328006953647,4.527380136936661,0.03791935407622363
