idr,acc,psd
0.049432992477305884,4.435669189280212,0.05191298008189105
