idr,acc,psd
0.14064368895007964,13.060941808326358,1.2529352515598343e-07
