idr,acc,psd
0.05059520042202492,4.536121321124015,0.011672231935703213
