idr,acc,psd
0.06524397736978542,7.442067796256652,0.36634017679097863
