idr,acc,psd
0.06714625449937148,6.1609515695018615,1.1644132718766842
