idr,acc,psd
0.0671461428001683,6.160940906361118,1.16441297063478
