idr,acc,psd
0.03570194978498104,3.412318260810444,0.03619481420104189
