idr,acc,psd
0.03827735315054038,3.6671476808534744,0.07230751177030194
