idr,acc,psd
0.06829587806521631,6.546246959148285,0.5972520784959856
