idr,acc,psd
0.02335999940378796,2.200666285503908,0.0004429357667061124
