idr,acc,psd
0.03315205680707837,3.199787833937245,0.0005060167267788608
