idr,acc,psd
0.023712247762931675,2.2099576955919202,0.006786783341583401
