idr,acc,psd
0.02370975743277153,2.209585418118888,0.006749850059265718
