idr,acc,psd
0.023357073055806307,2.19990451829325,0.0004665090641341073
