idr,acc,psd
0.026022362870794787,2.4516789947165063,2.9084210210913e-09
