idr,acc,psd
0.026022267646068034,2.4516707527920967,3.805119349476601e-07
