idr,acc,psd
0.03720786516458841,3.615109904672394,0.007497612469808599
