idr,acc,psd
0.10891549449588149,3.348462851722678,0.016129148652438977
