idr,acc,psd
0.1295354520839799,3.9718974390987323,5.348520784741429e-09
