idr,acc,psd
0.07226587070887877,2.2243249632380175,0.007845442722848147
