idr,acc,psd
0.043360407553884005,4.188343700848314,0.05033131788313862
