idr,acc,psd
0.01909198301767924,1.8400614929261159,0.0010449315740363786
