idr,acc,psd
0.022749081562164018,2.194638710176982,0.001561524167250281
