idr,acc,psd
0.08519873488205044,2.611136099174747,0.007572839897111171
