idr,acc,psd
0.061816128277685733,1.8949195345514918,3.812774990409413e-09
