idr,acc,psd
0.058881888386590024,1.808577209453393,0.002656392285230926
