idr,acc,psd
0.03405383526082591,3.293348825472089,0.003909103032663044
