idr,acc,psd
0.05047251572160384,4.8729997667147185,0.050216206407108735
