idr,acc,psd
0.03497925558122422,3.376893626749838,0.0006650851342658387
