idr,acc,psd
0.04310901315443484,3.985913448886807,0.13126101238465188
