idr,acc,psd
0.04995889689928687,4.403707604195851,0.33630959210660216
