idr,acc,psd
0.04310890739643298,3.985882743514334,0.1312609394789923
