idr,acc,psd
0.2700205008167182,8.24151528304759,5.759213643625023e-09
