idr,acc,psd
0.14846999855745618,4.5721267519319655,0.025414963654331497
