idr,acc,psd
0.19921528727130838,6.157793395146102,0.030024102303549176
