idr,acc,psd
0.056520348875365986,1.7348549431825508,0.028435694654846737
