idr,acc,psd
0.06720017678669155,6.056098426325482,0.8591961551234599
