idr,acc,psd
0.0672003091854411,6.056109839957395,0.8591961319829573
