idr,acc,psd
0.06638678582718893,7.552250576812313,0.24468015961531048
