idr,acc,psd
0.06656368567805893,2.0406883917829086,0.00018428176757083632
