idr,acc,psd
0.024043799247169612,2.2587508497151085,0.0019306798771086453
