idr,acc,psd
0.020594345628450476,1.9431989144888346,0.0005116305283442882
