idr,acc,psd
0.020802581621010993,1.9567777521271537,0.0035051575589239155
