idr,acc,psd
0.022413777677042238,2.1112129491445843,0.004550737866267565
