idr,acc,psd
0.023851374625793953,2.3222805571463443,0.0033968306700991433
