idr,acc,psd
0.036297545152166,3.4381906058019505,8.974400129909198e-08
