idr,acc,psd
0.03629752103842464,3.4381902516475824,2.4780415980206117e-09
