idr,acc,psd
0.027048011879520294,2.6188312224775014,0.0005962028518059979
