idr,acc,psd
0.04892543221867689,4.700709143042965,0.04977707204895377
