idr,acc,psd
0.03481895766458075,3.349468151676935,0.0008674509758140557
