idr,acc,psd
0.03363097174408799,3.2394953262276966,0.004484503742601726
