idr,acc,psd
0.1104593575398698,3.387003713160667,0.05190139537130363
