idr,acc,psd
0.0931895577221373,8.862270638593083,6.216608659180594e-09
