idr,acc,psd
0.06320378391536903,5.865686921036014,0.04095992551234742
