idr,acc,psd
0.05656079220213495,5.459211077753466,0.04356380845092879
