idr,acc,psd
0.09318967360932387,8.862283265221448,1.6537421275711567e-07
