idr,acc,psd
0.0654802718518562,6.1085283448914796,0.04560176802723336
