idr,acc,psd
0.08479913230167915,7.845626313488859,0.1362570609320544
