idr,acc,psd
0.0755833017352109,7.314904505105005,0.15120249118034693
