idr,acc,psd
0.03514216524826534,3.2156621345244933,0.014078605849367378
