idr,acc,psd
0.036139540285316234,3.3526121537653433,0.018633805787526304
