idr,acc,psd
0.07638944780819915,7.1569327027387155,1.1236203797480734e-07
