idr,acc,psd
0.07638941377352258,7.15692889620487,5.110653084831913e-09
