idr,acc,psd
0.03904671294604537,3.795632381317411,0.009687926692295604
