idr,acc,psd
0.3145854762519191,3.4802880580948856,0.04101499325304004
