idr,acc,psd
0.2926611285678282,3.2408506762850005,0.04465733061122274
