idr,acc,psd
0.3146070999411471,3.480517624382458,0.04115091705461957
