idr,acc,psd
0.8732859566509708,9.636889287176094,1.5628730444358117e-08
