idr,acc,psd
0.12135734284069312,3.7225996343661834,0.11502631728681909
