idr,acc,psd
0.14431149480775515,4.42803188295534,0.09077237475628776
