idr,acc,psd
0.3634292907821282,11.167747903241906,1.6848709912844314e-08
