idr,acc,psd
0.06969115634017307,7.594722294813562,0.4098864521912555
