idr,acc,psd
0.05457512616360565,5.077706705546485,0.05934065084425928
