idr,acc,psd
0.05457504131650664,5.077695479720008,0.05934069885505503
