idr,acc,psd
0.07376757641868498,9.860756463540257,0.23932497296442085
