idr,acc,psd
0.013879561530601978,1.3080825822030955,0.0035259780021219185
