idr,acc,psd
0.04743930765096,4.543825826681373,0.028830230083146974
