idr,acc,psd
0.04482723288276208,4.294029515383321,0.2083330673384144
