idr,acc,psd
0.042940143829978614,4.106052826807001,0.010522651282737236
