idr,acc,psd
0.04241960847792856,1.3024087910160274,3.505219553507437e-05
