idr,acc,psd
0.019963605947958717,1.9395758631261977,0.002226494891044441
