idr,acc,psd
0.01623568453625438,1.5441318386356024,0.002708331541645045
