idr,acc,psd
0.016075725562378292,1.5276790417823523,0.0027390358925990354
