idr,acc,psd
0.01863815688139513,1.7724831977007067,1.2433286056408065e-09
