idr,acc,psd
0.018638181062986897,1.7724854540701003,1.646390559166103e-07
