idr,acc,psd
0.017261695007930938,1.6352524154856019,0.00022122937394804712
