idr,acc,psd
0.017763473609318375,1.7181094806637924,0.00015944264019060144
