idr,acc,psd
0.017338716598480068,1.643239364268514,0.00020544370830157075
