idr,acc,psd
0.052192922406649016,5.067885548379042,0.14634163510198694
