idr,acc,psd
0.05868331616336348,5.440394622255335,0.1505441145104917
