idr,acc,psd
0.06065093845838296,5.532001370897752,0.17214840105108842
