idr,acc,psd
0.20407334231531774,19.215261921921424,1.0832013307540234e-08
