idr,acc,psd
0.061107776268448766,5.569860226756849,0.1744409909076664
