idr,acc,psd
0.204073305829272,19.21525830738788,5.51193839796606e-08
