idr,acc,psd
0.05918793615556882,5.481820432938347,0.14907009605512686
