idr,acc,psd
0.05763672963840561,5.562210203567039,0.1763353693041669
