idr,acc,psd
0.3901991615039283,4.318868572462112,0.12100375723556601
