idr,acc,psd
0.39115281382755784,4.333399037635143,0.11297002442364087
