idr,acc,psd
1.3099290435524367,14.455335156746898,2.344310978947755e-08
