idr,acc,psd
0.39086664343354816,4.330668090756769,0.11300755111741755
