idr,acc,psd
0.06242897699671625,5.970144232105792,5.731222457056296e-09
