idr,acc,psd
0.046175824181233796,4.254540513587114,0.08503136281318165
