idr,acc,psd
0.046279737170724096,4.2643464661388695,0.08464283423090516
