idr,acc,psd
0.046771750050148844,4.531480471886099,0.06511262020548546
