idr,acc,psd
0.042026551314004075,4.076258470239074,0.08893378545212613
