idr,acc,psd
0.05804583599121026,5.374982574824708,0.0627068718929364
