idr,acc,psd
0.05821013629372588,5.390798293436677,0.06234893642590547
