idr,acc,psd
0.062428944501310674,5.970142981865925,3.184643133679452e-08
