idr,acc,psd
0.07060670377379687,6.682377362198199,0.85665231915761
