idr,acc,psd
0.06740533559771511,6.394987307965536,0.4261821976989066
