idr,acc,psd
0.06390736696420189,6.056783071596852,0.25152069401358174
