idr,acc,psd
0.25035215822976126,7.684419778423566,1.5478407860773792e-08
