idr,acc,psd
0.1335321175585158,4.110825678591259,0.1741620228276025
