idr,acc,psd
0.1502755661289375,4.6160912212282925,0.1449673604059931
