idr,acc,psd
0.026430762449942437,2.5586619165126736,0.0004909589573146031
