idr,acc,psd
0.02368229091296927,2.2912210020470747,0.0012272609148553612
