idr,acc,psd
0.04621902581574875,4.455775495172064,0.09864588609540781
