idr,acc,psd
0.04621892028327654,4.455957588057357,0.09864578500045848
