idr,acc,psd
0.06738661496632253,7.843085518520859,0.12146750042533737
