idr,acc,psd
0.2638463304816955,8.09352450430291,1.0063169435641287e-08
