idr,acc,psd
0.11566889774806946,3.55249655848963,0.06146572476509549
