idr,acc,psd
0.12038517280083957,3.696457370094546,0.042357439738541156
