idr,acc,psd
0.16951467823800145,5.212764535346176,0.258394206399592
