idr,acc,psd
0.05343071435918915,5.046506865551432,0.5644198728229142
