idr,acc,psd
0.08461824137886702,8.138944838958436,1.1375993653626415
