idr,acc,psd
0.08402630011479625,2.582679458822367,1.277842471459518e-08
