idr,acc,psd
0.07187984403290477,2.206640790603673,0.020560843133957056
