idr,acc,psd
0.10241247171603995,3.1476019631666117,0.01314731604148359
