idr,acc,psd
1.7465705936971585,19.273763989133652,3.1257494389250945e-08
