idr,acc,psd
0.47527219578220437,5.2619029132896085,0.200561042320626
