idr,acc,psd
0.47591201698776886,5.2686077319518585,0.20049670765279537
