idr,acc,psd
0.4699748861248969,5.201593684207334,0.2104774869348545
