idr,acc,psd
0.05420283407668138,5.096179588994594,0.16444360940792477
