idr,acc,psd
0.05814330232076848,5.645263417782517,0.14465741459546788
