idr,acc,psd
0.04738655697455975,4.352553324112952,0.03727759598874356
