idr,acc,psd
0.05146582949395001,4.959320948975305,0.03774882156731078
