idr,acc,psd
0.047203817955763824,4.364572016971947,0.03801374679071859
