idr,acc,psd
0.09592659480776719,9.095838275295375,1.3702504562534526e-07
