idr,acc,psd
0.05520194835560865,5.206529975999129,0.16372797844405243
