idr,acc,psd
0.09592654646805028,9.095831368237878,6.1135840924121365e-09
