idr,acc,psd
0.05252314689881331,5.315232148095824,0.18942270669477795
