idr,acc,psd
0.033546836241941304,3.1013370779404763,0.006666694283429591
