idr,acc,psd
0.08910941333786554,9.81255672766525,0.32455369432570047
