idr,acc,psd
0.04614023493021923,4.2971595436101,0.039484682280065075
