idr,acc,psd
0.05372347598517444,5.046187610806669,1.0967438470871825e-07
