idr,acc,psd
0.040829479694868206,3.9499616994982425,0.0070862959032587155
