idr,acc,psd
0.04219561451170262,4.081800515385373,0.01073696349387022
