idr,acc,psd
0.031583765598978235,2.908334320409486,0.009715425042636804
