idr,acc,psd
0.031812322338256885,2.927574240964039,0.009688493450557584
