idr,acc,psd
0.03816149163351875,3.4988081731391927,0.012952076180263599
