idr,acc,psd
0.038211300536222126,3.5019675211991275,0.012880312436800823
