idr,acc,psd
0.05372357799812603,5.0461979041977125,2.3155543982160445e-09
