idr,acc,psd
0.043703325952519106,4.214705572513123,0.21052071947860065
