idr,acc,psd
0.04331282134211328,4.178945776999449,0.009664054347328496
