idr,acc,psd
0.044391605207015794,4.280431837098056,0.027158897183188674
