idr,acc,psd
0.04807401722077242,4.4720310706690185,0.4477395874847286
