idr,acc,psd
0.053236106431632936,5.162666547504817,0.4945689531804631
