idr,acc,psd
0.048074173875944246,4.472038916815993,0.4477395115508808
