idr,acc,psd
0.30907484251869666,9.47441444439777,1.906362389196049e-08
