idr,acc,psd
0.13554915332309617,4.154002281499633,0.16185484114556328
