idr,acc,psd
0.13556483409317086,4.16409551032962,0.19999827532776895
