idr,acc,psd
0.05217043850679541,6.979219633652179,0.7098589705040877
