idr,acc,psd
0.04986633437461688,4.582779544548836,0.11094733503677147
