idr,acc,psd
0.04986626428451649,4.582774377521022,0.1109474327320478
