idr,acc,psd
0.03679776773977215,1.1280909934330117,2.882344470546839e-05
