idr,acc,psd
0.1286509087707481,3.9462483558431964,0.2684413462471132
