idr,acc,psd
0.2641489176402583,2.932283034433719,0.03057476625436279
