idr,acc,psd
0.10149412891222456,9.55362048858288,5.2584786488270126e-08
