idr,acc,psd
0.03359051431488625,3.115398581561524,0.020670833217830437
