idr,acc,psd
0.0375188442274817,3.523307895461644,0.07464960140238347
