idr,acc,psd
0.03986352970647719,3.725624659624794,0.07331997502096545
