idr,acc,psd
0.038004068973801375,3.4704717244527132,0.019237620094319247
