idr,acc,psd
0.09208731555440285,2.818413145183435,0.04585646911177867
