idr,acc,psd
0.040884030910848385,3.9734928039989006,0.0674168965425864
