idr,acc,psd
0.039609971367896804,3.8423604006864696,0.018831839110139494
