idr,acc,psd
0.09839319994295596,3.0203718731676936,0.02713912513968886
