idr,acc,psd
0.1014942152351783,9.553626865397316,7.696243826448038e-09
