idr,acc,psd
0.17119531133369822,5.248285684125271,8.895139194487137e-09
