idr,acc,psd
0.026078764618455243,2.5223689591363514,0.0002249133580821265
