idr,acc,psd
0.019565983598055364,1.8556196149772302,1.206389840675203e-07
