idr,acc,psd
0.01956603709029933,1.8556245455883833,1.8298449240479956e-09
