idr,acc,psd
0.025161187022143733,2.350576058100609,0.0047055782604366065
