idr,acc,psd
0.02821489538806508,2.750177756840297,0.0033413692524710695
