idr,acc,psd
0.020119515880566676,1.883030597709447,0.0005293335496193337
