idr,acc,psd
0.02000138887028866,1.877671233266042,0.0005198348006923245
