idr,acc,psd
0.02499366880557773,2.334144052058468,0.004663442190902557
