idr,acc,psd
0.06171192533476857,5.660579921844034,0.3052268491937724
