idr,acc,psd
0.05988433459496269,5.78171571115788,0.30105854254871967
