idr,acc,psd
0.18148822143019475,17.190994217479464,1.2397681122849756e-08
