idr,acc,psd
0.07449629960732745,6.79623766375561,0.29891205102691143
