idr,acc,psd
0.05815562369641671,5.389487625148703,0.15355407327987014
