idr,acc,psd
0.0884658563749453,8.537941302353246,0.15471866263599549
