idr,acc,psd
0.06491385772725916,6.05972753746144,0.16156729398731584
