idr,acc,psd
0.18148818417067875,17.190988510051476,8.706572849380807e-08
