idr,acc,psd
0.018705931757983355,1.7968904348595267,0.0011272966770158898
