idr,acc,psd
0.04197324002560922,4.018204713654909,0.05085080558165861
