idr,acc,psd
0.019516278192137887,1.8753779102981993,0.0015863017595907256
