idr,acc,psd
0.3967269513141449,4.371850526483136,0.15336761434339155
