idr,acc,psd
0.04273933624445292,4.093981092125587,0.023459454137003174
