idr,acc,psd
0.04445659099219788,4.264206209567901,0.011159964806536436
