idr,acc,psd
0.07138215247009946,6.8307500316950245,0.12622493879237168
