idr,acc,psd
0.015857590021579816,1.5060801311273444,0.000984881765848499
