idr,acc,psd
0.04432490181751783,5.248746554213312,0.10505018606588933
