idr,acc,psd
0.05888231118223435,5.483924823225641,0.06299308679127154
