idr,acc,psd
0.04080117549502911,3.9232767428382473,0.15534670897480535
