idr,acc,psd
0.044223083005714245,4.158227780246268,0.16216227824080567
