idr,acc,psd
0.10089820034662898,9.45295166608107,7.354293922875783e-08
