idr,acc,psd
0.10089828313281553,9.452956433942463,7.1566866157952936e-09
