idr,acc,psd
0.04416668840265542,4.149768322820931,0.1602704071473023
