idr,acc,psd
0.06031031036576929,5.6036968498780455,0.06317137361173666
