idr,acc,psd
0.048871685517520226,4.7409062263106945,0.065254760867406
