idr,acc,psd
0.015014889773545434,1.413735706590891,0.0027216916910945627
