idr,acc,psd
0.059285160936243544,6.294948806668527,0.5673919810840137
