idr,acc,psd
0.010822984721152028,1.01970597433413,1.2638094113466113e-05
