idr,acc,psd
0.056770246201470545,5.886005205500122,0.09705626785898216
