idr,acc,psd
0.10618981773841593,3.2775928383677435,0.02301012790108128
