idr,acc,psd
0.12363100461447558,3.789795176562553,7.625487792709052e-09
