idr,acc,psd
0.08969896612727486,2.7467986168032286,0.034197749755553834
