idr,acc,psd
0.026383800538138123,2.4583556195725187,0.0019439172205708939
