idr,acc,psd
0.0555450519026413,5.423870153153152,0.08840456784274524
