idr,acc,psd
0.13026776367103077,4.000457850370866,0.052552837792833554
