idr,acc,psd
0.1010955822106038,3.107118412991521,0.01042803627515846
