idr,acc,psd
0.15591809369060014,4.784107061056336,8.675452507876644e-09
