idr,acc,psd
0.11513147566714212,3.5345993149572057,0.016935443560536365
