idr,acc,psd
0.04921746688940136,4.6259256858184985,0.04032914701308951
