idr,acc,psd
0.04578487798354184,3.9773441338338626,0.11655573162163205
