idr,acc,psd
0.0492173089638523,4.62586343388173,0.04032916533566267
