idr,acc,psd
0.04697053195192262,4.333865013338035,0.20289128519665947
