idr,acc,psd
0.15483269371779787,4.7539414386898535,0.267029275565868
