idr,acc,psd
0.14392842006386813,4.428102393309503,0.2967781048940954
