idr,acc,psd
0.3338029431718934,10.245893913903238,2.063786179012112e-08
