idr,acc,psd
0.13525626436417684,4.15678329820706,0.33831514884739244
