idr,acc,psd
0.34071827779380315,10.439513047599878,4.205123984662951e-08
