idr,acc,psd
0.14580226405617655,4.482100611533583,0.39946884039189
