idr,acc,psd
0.14388964665564874,13.643738418717192,9.170311465896356e-09
