idr,acc,psd
0.1438895409936321,13.643733215207984,1.3699852453025977e-07
