idr,acc,psd
0.05742237263681992,5.568857105387245,0.4552969518308176
