idr,acc,psd
0.05796159030448663,5.528415630832662,0.4847159127064548
