idr,acc,psd
0.05336296560632579,5.034271384402414,0.08688084520839279
