idr,acc,psd
0.052727550924096735,5.019346007701876,0.08743216963474573
