idr,acc,psd
0.05873224466169195,5.598484732998966,0.4856796861863662
