idr,acc,psd
0.0644699152791332,6.227358918624249,0.09128305000475224
