idr,acc,psd
0.017176820246007484,1.6588334486630314,0.0014136241340376792
