idr,acc,psd
0.05710518683309155,5.508514657167401,0.24463019379071244
