idr,acc,psd
0.017760730848349345,1.713749950179198,2.24746169180302e-05
