idr,acc,psd
0.3150240986452853,9.615106626848274,6.719091211194554e-09
