idr,acc,psd
0.15189199279581803,4.659732980773328,0.03040803529982351
