idr,acc,psd
0.21243470299258457,6.557578723265808,0.03893479754351651
