idr,acc,psd
0.1350110945950957,4.120783615412484,2.8795900894501075e-09
