idr,acc,psd
0.09491301058943633,2.8972121764929573,0.01104611934512422
