idr,acc,psd
0.13879327165943542,4.27702026084153,0.02635273941276451
