idr,acc,psd
0.11300539999052023,3.468952142132159,0.2805844204935749
