idr,acc,psd
0.1350049099615296,4.1472208755270366,0.32741592760651006
