idr,acc,psd
0.1297363494794198,3.978427412500596,2.3338823166220496e-08
