idr,acc,psd
0.1350046060437244,4.1472101547410185,0.3274161152077915
