idr,acc,psd
0.12973633854210376,3.978427145728363,2.333867458176952e-08
