idr,acc,psd
0.11300568913470976,3.4689604704810626,0.2805843535913706
