idr,acc,psd
0.10904744570190274,3.336622006239976,5.4926520365885765e-09
