idr,acc,psd
0.15607249835369463,4.778483061925799,0.01004322905522066
