idr,acc,psd
0.10607186497385399,3.264413284902535,0.0042777810263416845
