idr,acc,psd
0.365947072566438,4.048173531344133,0.25612235611566025
