idr,acc,psd
0.18345846734043236,17.38646719751159,9.799957266866709e-08
