idr,acc,psd
0.36462583438328366,4.028902827530008,0.24108589937098426
