idr,acc,psd
0.06426835801684856,5.97510203564283,0.467873927161971
