idr,acc,psd
0.07920554671736693,7.635102602541464,0.4590650224776411
