idr,acc,psd
0.06229653131506021,6.012225625726378,1.5023776897069836
