idr,acc,psd
0.08386462900835485,7.65268394184387,1.4689642942631886
