idr,acc,psd
0.2903811405624333,27.50562901257392,8.503887048968024e-08
