idr,acc,psd
0.1588937457445399,15.190007283929784,4200.968958101301
