idr,acc,psd
0.16942675600589857,5.214234496490003,0.2262224621268109
