idr,acc,psd
0.06839761948045907,6.400071425875938,0.9832053197260131
