idr,acc,psd
0.1606374892396357,4.930548105789463,0.23428390107837155
