idr,acc,psd
0.09214204130159506,8.912159265482503,0.9946800175475223
