idr,acc,psd
0.3727729201336981,11.429915102967266,2.675345777204392e-08
