idr,acc,psd
0.06397040896930845,5.952500751021333,0.467463847063329
