idr,acc,psd
0.1834585182303389,17.38646734888688,1.6682677842092427e-08
