idr,acc,psd
1.3678947350976607,15.096853019017017,3.005223860278876e-08
