idr,acc,psd
0.08517048587288335,7.769680957155753,1.4690086735961774
