idr,acc,psd
0.05722082224746274,1.7546179899041516,3.212325392042352e-09
