idr,acc,psd
0.06669137737598288,2.0480397286271375,0.004624888506281682
