idr,acc,psd
0.05272977770164784,1.616309026516676,0.0025573804792760023
