idr,acc,psd
0.034046094645362616,3.284525726453775,0.004017812705018057
