idr,acc,psd
0.04967670858760304,4.789234111070476,0.05027539694643563
