idr,acc,psd
0.0345676182825447,3.335548504060009,0.0006392181979448483
