idr,acc,psd
0.08549867765394333,7.893374992038228,0.46259821275549756
