idr,acc,psd
0.1275075846813061,12.082088952780829,8.4747113771986e-08
