idr,acc,psd
0.05089652761347994,4.776311742414443,0.3497675789489288
