idr,acc,psd
0.12750748618512822,12.082078121288262,1.5656984962183355e-08
