idr,acc,psd
0.05780895551270003,5.6135450945027285,0.47420108485264123
