idr,acc,psd
0.08401810660666542,7.8009243877680525,0.46905629161834694
