idr,acc,psd
0.05717063248338294,5.53909037807706,0.3634534611451451
