idr,acc,psd
0.04598557556246172,4.241188834249606,0.3570047086620213
