idr,acc,psd
0.013454600887095956,1.299585587048297,1.8384017585145646e-05
