idr,acc,psd
0.03980260455101957,3.838727417132588,0.14178578420775972
