idr,acc,psd
0.013573356036525222,1.312959207199773,0.0003386278111164697
