idr,acc,psd
0.10281490619268288,3.165672402012007,0.0740693527224683
