idr,acc,psd
0.13509975735407265,4.147054200288345,0.0716784624335741
