idr,acc,psd
0.16690153867356652,5.122949934797598,1.0318916842447173e-08
