idr,acc,psd
0.20141087954941617,6.170350255187906,2.1939621224397522e-08
