idr,acc,psd
0.13084314720859405,4.020789455157078,0.2919040391876442
