idr,acc,psd
0.1143529597738038,3.51036931989578,0.24107892623727137
