idr,acc,psd
0.05514542936642754,6.008906980282687,0.18623987286728125
