idr,acc,psd
0.015291895940491244,1.4428218227323992,0.0007945840034139374
