idr,acc,psd
0.16844480678032706,5.138529266609031,0.25341171893126857
