idr,acc,psd
0.051344566028172965,4.95986841048926,0.539937338284241
