idr,acc,psd
0.030397456269688036,2.9315745965541335,0.0009658331967514599
