idr,acc,psd
0.08227270800683117,7.959617541869422,1.1384687429961382
