idr,acc,psd
0.3332709145177974,3.67876445555238,0.2573529047059444
