idr,acc,psd
0.0294243021309103,2.8473964851614633,0.003500262506173839
