idr,acc,psd
0.08914846022552982,2.736216434470023,0.04731578905256613
