idr,acc,psd
0.029527201539832165,2.7121156214844677,0.004969545844594416
