idr,acc,psd
0.04059770068234631,3.821460681791565,3.078940430124747e-09
