idr,acc,psd
0.040597735171943414,3.8214643340281724,5.3903071261055127e-08
