idr,acc,psd
0.06847862188001191,2.099329153430944,3.5580636704002032e-09
