idr,acc,psd
0.028241031645490945,2.727593972511257,0.0030571362505975707
