idr,acc,psd
0.028233706765307804,2.6428062078485386,0.00380131359110106
