idr,acc,psd
0.05938373220198171,1.8210984486037045,0.0020403978185395736
