idr,acc,psd
0.06718130100564643,2.0603817247379896,0.004975844498917534
