idr,acc,psd
0.026502498467709797,2.478321805514577,0.0037600335414318268
