idr,acc,psd
0.028777576126065563,2.6725486197224853,0.00792595726949726
