idr,acc,psd
0.0231171758095387,2.2241186529724195,0.00486229580770066
