idr,acc,psd
0.16327787553465747,5.005850623502589,1.0451178547753786e-08
