idr,acc,psd
0.12918483165455624,3.9772956509880673,0.04622446025565443
