idr,acc,psd
0.12445161675772425,3.8200932348189727,0.03810636865594121
