idr,acc,psd
0.12918541793896982,3.9773144481341887,0.04622434303091255
