idr,acc,psd
0.163277936737046,5.005852316396702,1.0451163993518722e-08
