idr,acc,psd
0.16643890433425085,5.111511490322616,0.5437960812823721
