idr,acc,psd
0.1649212756483387,5.063910704203783,0.4940467235716154
