idr,acc,psd
0.28008918443225955,8.608973879974318,4.2594835624927636e-08
