idr,acc,psd
0.14397074950318073,4.423784105290631,0.24846146994078327
