idr,acc,psd
0.1603613720667624,4.941843812127402,0.2865646499843294
