idr,acc,psd
0.4677551723101983,14.352345968164078,2.60264363693532e-08
