idr,acc,psd
0.05198823482226875,5.883541634811312,0.17607761823430362
