idr,acc,psd
0.0647774433193169,5.994474765463397,0.06116688379750037
