idr,acc,psd
0.06477737369626779,5.994471623286564,0.06116690793454607
