idr,acc,psd
0.05864580611123037,5.6429652436768105,0.12858193265826073
