idr,acc,psd
0.038781115278732056,3.730284823488898,0.03821388235477407
