idr,acc,psd
0.03516243942570218,3.3847608172942647,0.016679256097778816
