idr,acc,psd
0.06751848592331629,6.282773802036395,0.5172956869191786
