idr,acc,psd
0.3407416437829145,32.14328838916287,1.6307794067879847e-08
