idr,acc,psd
0.06977283707774128,6.7697990337494245,0.9495708916515322
