idr,acc,psd
0.06732088053395636,6.326907148726382,0.5096123745200619
