idr,acc,psd
0.3407418709500309,32.14335708273606,1.0646354687643547e-07
