idr,acc,psd
0.05440588480708927,5.105085539313229,0.9358104753438928
