idr,acc,psd
0.05292055251411738,4.914792662574403,0.9248503379359219
