idr,acc,psd
0.06556229206594032,6.352688027043252,0.5197953884749276
