idr,acc,psd
0.03432245027842498,3.163006850234177,0.04239944600033858
