idr,acc,psd
0.053490879195687485,7.450460599091846,0.23423498916699143
