idr,acc,psd
0.057914708195997484,5.541165133600315,0.25015247053038586
