idr,acc,psd
0.013060111929794383,1.2566201859275417,0.0013232382908758048
