idr,acc,psd
0.013333372701498683,1.2832739987873878,1.5214208970200277e-05
