idr,acc,psd
0.536045744512169,5.928504328307637,0.29237279394592774
