idr,acc,psd
0.5326566219817312,5.889455098087266,0.30478639619162917
