idr,acc,psd
2.1832135017468,24.09220762246044,3.907187096633749e-08
