idr,acc,psd
0.5365805987415401,5.934105441533906,0.2922786401967673
