idr,acc,psd
0.08561830264991352,7.971266942465616,0.5215964255753949
