idr,acc,psd
0.07273763241225706,6.797576816021496,0.2325263868752249
