idr,acc,psd
0.08259246040964728,7.667911778760676,0.5160942790997697
