idr,acc,psd
0.21778567516193037,20.62918608720931,1.4892520948305334e-08
