idr,acc,psd
0.21778581012456225,20.629191909771105,8.63912828222539e-08
