idr,acc,psd
0.08354564731320537,8.074497606350775,0.22958275133419692
