idr,acc,psd
0.05122005712983975,4.830881905903386,0.2181818781050332
