idr,acc,psd
0.0639824338217448,6.206360422765325,0.5156665187413848
