idr,acc,psd
0.07961873349214214,2.44827234601865,0.000980168162521145
