idr,acc,psd
0.056467339522791614,1.7333831421478212,0.0029442828015676416
