idr,acc,psd
0.05442614653123882,1.6686224602996618,3.483734460250081e-09
