idr,acc,psd
0.05442620617549935,1.6686242926221033,3.4837565665162695e-09
