idr,acc,psd
0.0564672074807193,1.733379112818051,0.002944260651265434
