idr,acc,psd
0.08212326949185177,2.522315306479819,0.009997926067311001
