idr,acc,psd
0.06462123181647018,6.104012502972183,0.295993901431626
