idr,acc,psd
0.07858934086672906,7.430885569753408,1.1235396328373959
