idr,acc,psd
0.08504475066506875,8.056153956786433,0.6653273546510792
