idr,acc,psd
0.1447474606611186,4.444681789964625,0.42082261587960307
