idr,acc,psd
0.13266107605359734,4.075242387294629,0.41373905375553355
