idr,acc,psd
0.34751027952288716,10.667561762009367,3.563518772670571e-08
