idr,acc,psd
0.22408310839408083,21.136458490223518,9.01261438095263e-08
