idr,acc,psd
0.08031750315561732,7.355046278855001,0.08166462879701432
