idr,acc,psd
0.06731297973810767,6.173731273263189,0.09901883971117743
