idr,acc,psd
0.1430319693021415,4.3741159840652415,0.04354384139431692
