idr,acc,psd
0.07930160594840698,7.25649098586812,0.07709362455676667
