idr,acc,psd
0.05660804307780458,5.247577574185845,0.0965441742873082
