idr,acc,psd
0.15574053676462124,4.761323382999909,0.03270305574118473
