idr,acc,psd
0.07829908297811806,7.554755251646717,0.09901435733426642
