idr,acc,psd
0.06875102339455284,6.627862435268784,0.0781358162015619
