idr,acc,psd
0.3109504438133241,9.576487406620886,7.402366607073019e-09
