idr,acc,psd
0.22408315959742392,21.13646492174196,2.2975899586790268e-08
