idr,acc,psd
0.05758399992721742,5.240575338583248,0.3107233063702851
