idr,acc,psd
0.01528295456408623,1.4459904459999553,0.0015120734150313238
