idr,acc,psd
0.04691992881249566,4.527640936531093,0.036443855115591596
