idr,acc,psd
0.06049928419907399,5.825513726249632,0.08619595147538996
