idr,acc,psd
0.050273523446632745,4.855178849273355,0.24751259606414833
