idr,acc,psd
0.07866858856491549,2.4125840551539817,0.0017117651938580245
