idr,acc,psd
0.07161455357239643,6.936276435814201,0.3663676530951809
