idr,acc,psd
0.07707383893350322,7.466710663258299,0.7603335234324798
