idr,acc,psd
0.32816892157023025,30.47559990330231,2.372747274499641e-08
