idr,acc,psd
0.32816891987679864,30.475596110484954,1.1643513449996602e-07
