idr,acc,psd
0.0656485374474276,5.879066884871538,0.37783735064003054
