idr,acc,psd
0.069317404660724,6.303923638524421,0.829836227200719
