idr,acc,psd
0.06760208975818041,6.10139267698045,0.7709921604748479
