idr,acc,psd
0.06802115115852535,6.097718502723162,0.42738404214573744
