idr,acc,psd
0.06856854604136192,6.592313760594035,0.4244637176824862
