idr,acc,psd
0.06608858680645646,6.346927774485346,0.24689124471241372
