idr,acc,psd
0.07219096106099528,6.920375294143219,0.8507754537384734
