idr,acc,psd
0.11949320344974582,3.6689998645063446,0.2922996700154601
