idr,acc,psd
0.1194929338687851,3.66899178273548,0.2922996309194112
