idr,acc,psd
0.06738661496632253,6.509579167450998,0.12146750042533737
