idr,acc,psd
0.3510051767547486,3.8812837822774675,0.14308770525123005
