idr,acc,psd
0.047532276359649774,4.580249839805518,0.009563749009121953
