idr,acc,psd
0.04225993480887721,4.078908214583875,0.02255891099664183
