idr,acc,psd
0.06166188682742412,5.949121554646037,0.2990690053369802
