idr,acc,psd
0.08063448223961224,7.7773354336652725,0.6721219440471222
