idr,acc,psd
0.08393611177421108,8.102612482582396,1.1352860162161282
