idr,acc,psd
0.06195780985892052,5.972395501307357,0.29837575840196956
