idr,acc,psd
0.08433092494485746,8.13499784553006,1.1340285659524214
