idr,acc,psd
0.0803402227596686,7.7475048689155015,0.6724636236794564
