idr,acc,psd
0.046096268360493124,5.538252763066291,0.09848773905864794
