idr,acc,psd
0.10103737598221346,3.1005876408104935,0.16502551970593682
