idr,acc,psd
0.0711902130683259,6.882152841885424,0.7052837465913833
