idr,acc,psd
0.06002733270055069,5.590519381452392,0.518161057152467
