idr,acc,psd
0.08253411536838409,7.563359412264253,0.6826667846455441
