idr,acc,psd
0.0808194899537721,7.453779482510069,0.6915662326509644
