idr,acc,psd
0.14875851006459323,14.095736560965882,8.51649881901437e-08
