idr,acc,psd
0.14875865153320753,14.095750234930147,1.8266353267882405e-08
