idr,acc,psd
0.05691806962118287,5.5022201977951335,0.5160310729194196
