idr,acc,psd
0.06245281303437194,5.771223302581471,0.5115995498397369
