idr,acc,psd
0.02320191913158598,2.2378101245953297,0.0014862555820752317
