idr,acc,psd
0.04301864556205347,4.154616786951157,0.050197906004520725
