idr,acc,psd
0.01626081099730109,1.5728889775762696,0.0010140137277177995
