idr,acc,psd
0.07037799476392953,6.297514566693048,0.19383871825153695
