idr,acc,psd
0.07037796843966194,6.297513438284,0.19383861304595634
