idr,acc,psd
0.06357733951287278,6.926055483065761,0.07981176356849934
