idr,acc,psd
0.08337515071767874,8.043676687741312,0.5829139797264731
