idr,acc,psd
0.05944173608632362,5.533098724040679,0.6001150910447876
