idr,acc,psd
0.2341988265416139,22.06492898768021,2.617579824889356e-08
