idr,acc,psd
0.23419870818838767,22.064922021387744,3.805132117179986e-07
