idr,acc,psd
0.06628084672483216,6.393707409995262,1.981742014072291
