idr,acc,psd
0.07136286878612579,6.652376313583824,1.9931601547428608
