idr,acc,psd
0.07196893568393671,6.72056737792512,1.996329570185105
