idr,acc,psd
0.05922161157727,5.51359072377187,0.6001945281502671
