idr,acc,psd
0.016867978980698757,1.59929806927937,0.00046664800795605607
