idr,acc,psd
0.04807285905663469,5.283087555895789,0.05472190132487111
