idr,acc,psd
0.031866394412931744,3.100202886961863,0.025737607482807977
