idr,acc,psd
0.025263109630344414,2.3691397039454034,0.026938854619276534
