idr,acc,psd
0.05076167482115113,4.63847546917291,0.04213012520491479
