idr,acc,psd
0.05097316585311618,4.658459477138829,0.04245679993374144
