idr,acc,psd
0.05881079856487732,5.708487226624411,0.042398043998117224
