idr,acc,psd
0.04682163677168995,4.477601293170041,4.2984161815314625e-09
