idr,acc,psd
0.025418347096833823,2.380075760669799,0.027291613851049338
