idr,acc,psd
0.04682193789435271,4.477623884479998,3.186356398424944e-08
