idr,acc,psd
0.035774560890527864,3.3220431629398917,0.010066499140572366
