idr,acc,psd
0.040815000081354254,3.843084320849707,5.418903243311098e-08
