idr,acc,psd
0.03567834147870399,3.3199116859438957,0.009893874077891713
