idr,acc,psd
0.04094153710720517,3.9541117150861824,0.008162104539875018
