idr,acc,psd
0.04081503583213395,3.8430876630203654,2.1663861238926107e-09
