idr,acc,psd
0.04233283686387035,4.112240377387038,0.0018072856155830722
