idr,acc,psd
0.0330971563838516,3.0852436927751903,0.002360264912410781
