idr,acc,psd
0.03290709552900935,3.068503712461275,0.00247726065147742
