idr,acc,psd
0.10213806350284865,3.134019708718629,0.17702799583766757
