idr,acc,psd
0.05870779915736495,5.693140359133871,0.08232976191412755
