idr,acc,psd
0.06461161527550952,6.057116094632306,0.08216064117328822
