idr,acc,psd
0.04111842930585036,3.912024047600594,0.22554193219599689
