idr,acc,psd
0.04660688217973918,4.497600583969633,0.2208652499839505
