idr,acc,psd
0.04059847537821465,3.869799708461385,0.22343467681171048
