idr,acc,psd
0.06512662709924168,6.086386741101011,0.08222806331190025
