idr,acc,psd
0.11771435597988968,11.028423127239558,8.349455007024949e-09
