idr,acc,psd
0.11771469484854657,11.028453983494671,7.353950540413595e-08
