idr,acc,psd
0.051363090764283116,4.960885844229307,0.5400900035277573
