idr,acc,psd
0.029367424427454554,2.8339877797207107,0.003577738882973302
