idr,acc,psd
0.082333007947645,7.967596522609529,1.13845217135449
