idr,acc,psd
0.17072664270130244,5.213491630685201,0.2529579774863762
