idr,acc,psd
0.030455092629411123,2.944594181416076,0.0009721547088068065
