idr,acc,psd
0.3379690931046092,3.731447179350215,0.25752884245949803
