idr,acc,psd
0.03568694187818622,3.4500131819651627,0.0007451299153695509
