idr,acc,psd
0.026308015463412188,2.45741475398158,0.0009982863669093086
