idr,acc,psd
0.029246913803672284,2.7526496625269994,0.0052632506282594025
