idr,acc,psd
0.030071044747693183,2.831448435450738,1.5961234624041514e-09
