idr,acc,psd
0.03007120763679659,2.8314639083070157,5.412852567967496e-08
