idr,acc,psd
0.02629236742373332,2.455689762288118,0.0009685720014119626
