idr,acc,psd
0.03388806426408118,3.2581053510417037,0.004034223930281071
