idr,acc,psd
0.03476977928068822,3.3499778386092514,0.000680621338378869
