idr,acc,psd
0.034014410214907934,3.2779715641699223,0.004186844042662361
