idr,acc,psd
0.049079968252516766,4.728842633198512,0.05015295735265015
