idr,acc,psd
0.09570450927860372,8.876910292093035,0.11866229379011267
