idr,acc,psd
0.09570416415690662,8.876877219267113,0.11866213151766018
