idr,acc,psd
0.1722084943287802,5.303401247879657,0.33926646281573297
