idr,acc,psd
0.1277695730906238,3.914823836904139,1.5769221430095426e-08
