idr,acc,psd
0.10005090916845297,3.074755842027077,0.11740447155679956
