idr,acc,psd
0.10483555554032023,3.214411122766152,0.09026867701942626
