idr,acc,psd
0.12028257484176003,3.6936941634872658,0.2933452243889871
