idr,acc,psd
0.12028184160495861,3.693670821730434,0.29334496519716036
