idr,acc,psd
0.21020347959940844,6.41631659245194,0.08598733860078263
