idr,acc,psd
0.5226097171135274,16.032782072749953,1.746398646887996e-08
