idr,acc,psd
0.1547042234628802,4.738287294773904,0.07076742437326283
