idr,acc,psd
0.0902140890820626,10.536327812779836,0.34144556745066407
