idr,acc,psd
0.07967765553594094,7.281845598532047,0.9865608205902962
