idr,acc,psd
0.07231951967919786,2.218753533565798,0.022886171537794826
