idr,acc,psd
0.36349072599174037,11.122047625062748,1.8308851585316705e-08
