idr,acc,psd
0.1463857496144192,4.513245210102447,0.051978822524666596
