idr,acc,psd
0.23171480126419733,7.130183083322912,0.06186082340283331
