idr,acc,psd
0.023146448051535484,2.1759961421369987,0.00014050676514361132
