idr,acc,psd
0.028712634621468388,2.7771210963125252,0.001289473800105762
