idr,acc,psd
0.02243869658168776,2.1111020499649795,0.0003818959279145636
