idr,acc,psd
0.028978809056490744,2.8011484074924122,0.0004470881276614986
