idr,acc,psd
0.025830700495764306,2.4381003796360545,2.7669252771924627e-09
