idr,acc,psd
0.02047620474861305,1.919965367168453,0.0013823277220325037
