idr,acc,psd
0.025830930264655244,2.438120703990313,7.639157640141166e-08
