idr,acc,psd
0.019936937276950745,1.8820357693387448,0.0012915820962448375
