idr,acc,psd
0.16506900043754477,5.054954478199043,0.06680017242414624
