idr,acc,psd
0.06777277181001098,6.53335785732423,0.1763832538835583
