idr,acc,psd
0.06653115851551342,6.41548791307147,0.12702458029710928
