idr,acc,psd
0.013503854227425558,1.3013544345260488,0.0003402934320634585
