idr,acc,psd
0.013401396584406514,1.2911015242626176,1.7624593101742126e-05
