idr,acc,psd
0.03575919526491903,3.4178421451607717,0.1410367138032805
