idr,acc,psd
0.03407420504021165,3.214416103319281,1.6307740600543018e-09
