idr,acc,psd
0.02944690786763606,2.760015916675471,0.0019148989378053665
