idr,acc,psd
0.02829150023186078,2.7468394248612453,0.0003358923620932331
