idr,acc,psd
0.029371103796238883,2.753816718038756,0.0012108018277830201
