idr,acc,psd
0.028491282003915926,2.6527365562412704,0.0012788400055312268
