idr,acc,psd
0.02889979722655243,2.702727020388039,0.0007630272907356248
