idr,acc,psd
0.025615311416727016,2.479596248007395,0.0017094918520155092
