idr,acc,psd
0.0340742763482531,3.2144118623708344,1.0935239800545086e-07
