idr,acc,psd
0.12863337902045097,3.947583776412528,0.3049741014688198
