idr,acc,psd
0.12863314724583558,3.9475764282191697,0.30497415751976
