idr,acc,psd
0.1449775080496194,4.4756035175940925,0.0667458947391982
