idr,acc,psd
0.47034874317950215,14.429503104621373,1.571766146094327e-08
