idr,acc,psd
0.20513536103618424,6.266731507570457,0.07881268864327713
