idr,acc,psd
0.14080492645413198,4.330637648764911,0.16859652125614621
