idr,acc,psd
0.12141917738103128,3.7321066154982376,0.14632028487904844
