idr,acc,psd
0.3433205167554032,10.527564650831078,1.9273758750096948e-08
