idr,acc,psd
0.06055408879595762,5.873802693983409,0.14195380827284532
