idr,acc,psd
0.10111704377874955,3.0907361091538506,0.10377692861979645
