idr,acc,psd
0.04322968031016003,4.09071519213861,0.12343531192654436
