idr,acc,psd
0.04743420216440975,4.4209648500986525,0.12238800853947347
