idr,acc,psd
0.18268954188379338,17.196522728187148,5.082728781411392e-08
