idr,acc,psd
0.3081510957840639,9.446900503740565,1.601115821598277e-08
