idr,acc,psd
0.03980067256206059,3.859394839583275,0.14173673978111495
