idr,acc,psd
0.050663287159988635,4.9143064693560845,0.11936590682551944
