idr,acc,psd
0.04092016916041114,3.8161056160972544,0.13856361053676747
