idr,acc,psd
0.11357805277194695,3.4766726353725375,0.07960199980544114
