idr,acc,psd
0.1826895618859484,17.196526084286877,1.3853194313641013e-08
