idr,acc,psd
0.055297297073607844,5.586682915426318,0.1477722286952356
