idr,acc,psd
0.03636356854199622,3.3644687297876033,0.02960222281169589
