idr,acc,psd
0.03636356816919692,3.3644730814686863,0.029602234823580955
