idr,acc,psd
0.10029254107132518,3.0773080854087946,0.059409725308143896
