idr,acc,psd
0.11583769260132971,3.5558835199582877,1.187843209391737e-08
