idr,acc,psd
0.08064521883309898,2.4757598924191133,0.054234671643212995
