idr,acc,psd
0.053936832665526124,5.5676816485911065,0.09502706755137272
