idr,acc,psd
0.04383168036523805,4.06301132594754,0.0753980670845978
