idr,acc,psd
0.04383174048877601,4.063020351125788,0.07539805619701322
