idr,acc,psd
0.1018526422247036,9.542580611181565,6.814156551723308e-09
