idr,acc,psd
0.05098820833555307,4.782706244476833,0.022845324809542277
