idr,acc,psd
0.038818419206088195,3.56840756972341,0.04972012384141906
