idr,acc,psd
0.050888507806318886,4.5993271893670435,0.05330227782444501
