idr,acc,psd
0.045490007387193956,4.2462595470535165,0.02624952308272891
