idr,acc,psd
0.05572869727800085,5.371382008402565,0.045799385227743725
