idr,acc,psd
0.04836624601803284,4.6968425425746565,0.01880628287052762
