idr,acc,psd
0.04022981720859424,3.793954239265613,0.019816514548600443
