idr,acc,psd
0.14854993388008372,4.5540528349979965,7.718457563919813e-09
