idr,acc,psd
0.04226784534381842,4.101658253918361,0.04648828945279025
