idr,acc,psd
0.08806855605886311,8.289877138502092,6.678119283707266e-09
