idr,acc,psd
0.03516492959359714,3.3212584082428176,0.02112963005598765
