idr,acc,psd
0.03209349167468436,3.048015901622706,0.05592445661698379
