idr,acc,psd
0.08806853748803842,8.289876046746706,5.287549571434242e-08
