idr,acc,psd
0.09378849575633581,2.8721493335638018,0.019255989133700517
