idr,acc,psd
0.035827247271314325,3.489567821425714,0.018549049919605407
