idr,acc,psd
0.010721148902030067,1.009933894793645,0.006155053753330472
