idr,acc,psd
0.060517359461768463,6.236195276585007,0.49452584813763956
