idr,acc,psd
0.03014876183536924,0.9202317862934744,7.455211723415764e-06
