idr,acc,psd
0.030274713761921708,0.9240392451386261,6.457281423963599e-10
