idr,acc,psd
0.07355165141130493,2.2671974259328107,0.0003241765581373556
