idr,acc,psd
0.21294888077547786,6.524694169359319,2.6282003236922707e-08
