idr,acc,psd
0.114105515606433,3.503199747589705,0.192521467231401
