idr,acc,psd
0.11647627631985338,3.5808913659447974,0.23241159308905618
