idr,acc,psd
0.042001328425769556,5.970047341819589,0.06256085279926328
