idr,acc,psd
0.014524642900290681,1.3687799393387745,0.0027886930068395602
