idr,acc,psd
0.11884442258051596,3.64279130439635,0.024909118273643862
