idr,acc,psd
0.02734867649418453,2.5014102116145294,0.1527423354663985
