idr,acc,psd
0.09364342789918709,8.955213016255119,3.181217633762116e-08
