idr,acc,psd
0.02754297642979474,2.520325272006449,0.15315628862340072
