idr,acc,psd
0.09364349867735361,8.955217543879261,8.596836450896593e-09
