idr,acc,psd
0.03478133165481206,3.1785708389100704,0.20535714474001826
