idr,acc,psd
0.03473250570469344,3.1948026785648422,0.2050211654820065
