idr,acc,psd
0.03814401940366081,3.6886472779516994,0.15416279470995814
