idr,acc,psd
0.044038059423060785,4.279125309456928,0.1919228507893003
