idr,acc,psd
0.048887019795558345,4.68801590572927,0.5095340271133737
