idr,acc,psd
0.01686501144696737,1.6214934466864017,0.004052878432572088
