idr,acc,psd
0.017267570391401865,1.6600332163132576,1.5414170102096114e-05
