idr,acc,psd
0.07445088293949051,8.02940593888358,0.4229503850948682
