idr,acc,psd
0.04738147660147799,4.481693603939985,0.05748908883669984
