idr,acc,psd
0.3767315341914244,11.568080667804788,1.570129038709314
