idr,acc,psd
0.37673159947117113,11.568082652430071,1.5701297684722948
