idr,acc,psd
0.3671072426089423,11.275449732664937,1.4261037307176223
