idr,acc,psd
0.3892103728400692,11.93532208915835,7.001651776058106e-08
