idr,acc,psd
0.36710781149028116,11.27546821491813,1.426103395365195
