idr,acc,psd
0.38921033052439225,11.935320860682634,7.001651379875027e-08
