idr,acc,psd
0.07834101096811091,2.4009375154577186,0.04608242930715369
