idr,acc,psd
0.04305769171766795,4.160995114102212,0.06863908642107032
