idr,acc,psd
0.09854246917558093,3.0224719545408627,0.023726710728617234
