idr,acc,psd
0.04205139856916506,4.059610113905208,0.04679884275722275
