idr,acc,psd
0.03595338070199415,3.475101672321043,0.018796970975546393
