idr,acc,psd
0.15660218528216593,4.806617085291971,0.3219122459243196
