idr,acc,psd
0.14401443529272354,4.428639673281699,0.35688934150454316
