idr,acc,psd
0.37552864047075835,11.526640146911443,2.3217623603286748e-08
