idr,acc,psd
0.07137170699631218,6.556731985805686,0.889606328122359
