idr,acc,psd
0.095404335756224,8.667665408207066,0.2611173288303622
