idr,acc,psd
0.09507986230699242,8.637003979447996,0.256381124352755
