idr,acc,psd
0.07227523295862777,6.993667460502561,0.8955219913989614
