idr,acc,psd
0.07085555917111988,6.505184256906956,0.8893201821486659
