idr,acc,psd
0.17609251931446668,16.70045441937742,1.2106379347456294e-07
