idr,acc,psd
0.1760925598652476,16.700458004842126,1.646851713560248e-08
