idr,acc,psd
0.07975315169718529,7.69538768999797,0.2473645844742295
