idr,acc,psd
0.2520804252679219,7.748081463250805,3.8335393666163734e-08
