idr,acc,psd
0.1468485745220603,4.5120832749037465,0.452990882798427
