idr,acc,psd
0.14719474977154295,4.521268859314565,0.40747128343207656
