idr,acc,psd
0.08958519983352545,8.196591259393134,0.05973516234034563
