idr,acc,psd
0.08958527518596006,8.196604448423699,0.059735109294971264
