idr,acc,psd
0.06745724485810098,7.064128884544272,0.2869346137581853
