idr,acc,psd
0.044059617965722025,4.111724730575377,0.03616030055578541
