idr,acc,psd
0.04405974365442976,4.111733818410844,0.03616042061495422
