idr,acc,psd
0.13696094104355577,12.989250492125816,1.209575442441567e-07
