idr,acc,psd
0.07280091808254407,6.623100920407414,0.48810157603685744
