idr,acc,psd
0.07166990165287124,6.951614002900191,0.47843751537724577
