idr,acc,psd
0.08715558337803384,7.882308714849839,0.15781271807696545
