idr,acc,psd
0.07308834816298716,6.6483466143480445,0.4845597444230536
