idr,acc,psd
0.1369608650001329,12.989244014846914,1.2808837820332373e-08
