idr,acc,psd
0.07539618451251719,7.2761414881049635,0.1682496028305824
