idr,acc,psd
0.08699876285908398,7.866890814896866,0.16106197280355353
