idr,acc,psd
0.08301284110216434,2.550667024052846,0.00578181375620586
