idr,acc,psd
0.05276924464702534,1.618705259838004,2.012565537530243e-09
