idr,acc,psd
0.05157957296843405,1.584029846306475,0.00021036932606617421
