idr,acc,psd
0.06472342380238415,5.9764337552713185,0.1471702846228913
