idr,acc,psd
0.06589700153710193,6.045444576296829,0.14148960431801505
