idr,acc,psd
0.17541854030748136,16.51655241218147,2.1836464883169607e-07
