idr,acc,psd
0.735562146204779,8.124759397897455,8.056080963693376e-09
