idr,acc,psd
0.06713449862492948,6.490015843889343,0.12056852690721116
