idr,acc,psd
0.17541870635164816,16.516568680839505,7.626404779532511e-09
