idr,acc,psd
0.30238197230303,3.343677628040406,0.026412409758188496
