idr,acc,psd
0.08821460786390838,8.101923108220179,0.135243754467806
