idr,acc,psd
0.33712750026490934,3.7148598409800218,0.02263079363019335
