idr,acc,psd
0.058717376406242416,5.375665871801516,0.11048873433226128
