idr,acc,psd
0.07011051908150297,6.79000499792722,0.15285394526062454
