idr,acc,psd
0.10953071644194598,3.3638233072290014,0.29904882375110603
