idr,acc,psd
0.03924644253721224,3.675960271522639,0.4550208759379774
