idr,acc,psd
0.06291923296963634,6.0443952140307164,2.072979562699256e-08
