idr,acc,psd
0.046149595432193206,4.459609051569497,0.44211189426537145
