idr,acc,psd
0.05084888232595509,4.7893815489063885,0.5798371726032293
