idr,acc,psd
0.05173269069488725,4.8452894791657775,0.5873716767944083
