idr,acc,psd
0.06291914056454548,6.044397136646941,7.969012944289316e-08
