idr,acc,psd
0.05876538008631647,5.690275804126531,0.5799953656483384
