idr,acc,psd
0.04023423325432299,3.7457246566620928,0.4482141167170202
