idr,acc,psd
0.05853847979397119,6.593221834728027,0.09642695661302411
