idr,acc,psd
0.07863700616104848,2.403219054685382,0.0010465530064162237
