idr,acc,psd
0.10406547024426735,3.205155605011922,0.011327050316655577
