idr,acc,psd
0.09000710049266926,2.7471797460203007,1.919742520861145e-09
