idr,acc,psd
0.039125141689038447,3.786530422172077,0.11918316976540413
