idr,acc,psd
0.03227302241754674,3.108937542238257,0.1368031176276172
