idr,acc,psd
0.04012616052804184,3.867925145794459,0.1770878074021711
