idr,acc,psd
0.04635100545499872,4.468447867094316,0.09883509528682254
