idr,acc,psd
0.023699240600651518,2.2929206734984025,0.0012474784670598062
