idr,acc,psd
0.02642940882419799,2.556548407207944,0.0005140665266930525
