idr,acc,psd
0.04635081808065366,4.467649919872625,0.0988350920291543
