idr,acc,psd
0.05241894765833921,4.952128123446959,0.24890734861375682
