idr,acc,psd
0.03678893018594036,3.4012754731246124,0.2325019481882415
