idr,acc,psd
0.03678884378744882,3.4012506302538656,0.23250180298980527
