idr,acc,psd
0.21935327262896376,6.740261509140173,0.6842951306807061
