idr,acc,psd
0.22834860310402905,7.010923032049395,0.6322763051800472
