idr,acc,psd
0.7795927545523054,23.920598828027355,4.337743744104195e-08
