idr,acc,psd
0.17000981895447356,16.109418127649693,8.558266501786215e-08
