idr,acc,psd
0.05975706364310594,5.592852136063199,0.67794040527584
