idr,acc,psd
0.06902755240550157,6.656693248865958,0.9095398797498117
