idr,acc,psd
0.06079864638542727,5.671900106079937,0.6866089502938415
