idr,acc,psd
0.05271547233445522,5.1060676303710055,0.6637573609274149
