idr,acc,psd
0.09892273561111185,9.038021222089993,0.9011857947584777
