idr,acc,psd
0.0975951556528287,8.967709472878623,0.9112796072183003
