idr,acc,psd
0.17000978040971457,16.10941711541157,2.0875821854272482e-08
