idr,acc,psd
0.021854294331028413,2.1063692004035097,0.0022903987019102004
