idr,acc,psd
0.0730341432685967,7.010849269891023,0.15149450461711392
