idr,acc,psd
0.01957149311017586,1.8837253917627095,9.283147581151685e-05
