idr,acc,psd
0.07795881411060816,2.3920465237302744,4.337709708885765e-09
