idr,acc,psd
0.09965903135605048,3.0626163252254135,0.004070915817678125
