idr,acc,psd
0.0729036891565579,2.2394237841402203,0.0006179077850798303
