idr,acc,psd
0.1038743951207324,3.192058928666106,0.18643108633705824
