idr,acc,psd
0.07143940746501337,2.197587733074872,0.00037236539407231784
