idr,acc,psd
0.05681716591196177,1.7435502928567388,0.0011501189762260864
