idr,acc,psd
0.013933505000426514,1.3254765592265545,0.0001132745595452446
