idr,acc,psd
0.017347194459199747,1.6778490023605612,0.0029441462991079354
