idr,acc,psd
0.017129369736499863,1.6567769137575727,0.00013745865204492136
