idr,acc,psd
0.015088531850516269,1.4416448042619616,3.0642336243562142e-09
