idr,acc,psd
0.014860031143890387,1.4073796017612306,0.0028763664984803147
