idr,acc,psd
0.015088778663753126,1.4416658715893202,2.2418998694314562e-07
