idr,acc,psd
0.013728456548546823,1.305742065322193,0.0001623637402975853
