idr,acc,psd
0.015229800806502889,1.4464408352669689,0.003102943167866363
