idr,acc,psd
0.13759377763999223,13.039828580907772,1.2511904001002183e-08
