idr,acc,psd
0.05554040198173832,5.059639800769324,0.23307594483490038
