idr,acc,psd
0.057924123552214386,5.270195502969035,0.23316323935486233
