idr,acc,psd
0.3606332707032498,3.97780890938467,0.17656411601919908
