idr,acc,psd
0.06396424585848462,6.1867478529733875,0.5157385419445443
