idr,acc,psd
0.21778574395169042,20.629249464707886,8.638542935504671e-08
