idr,acc,psd
0.15889313565259014,15.19000739425173,4200.969515182826
