idr,acc,psd
0.061517125740589866,5.615034113504404,0.8172877541487265
