idr,acc,psd
0.3617298754120412,4.0069977007599835,0.16405971730721836
