idr,acc,psd
0.06234380297807957,5.6926395965736845,0.8189359253357312
