idr,acc,psd
0.08259613884524196,7.66800878005057,0.5160942758499135
