idr,acc,psd
1.0259213670728402,11.322643223248111,2.2539212694216404e-08
