idr,acc,psd
0.07224868462832945,7.009289493484305,0.23526983649767516
