idr,acc,psd
0.054423024698706385,5.266692075767062,0.8195793071936003
