idr,acc,psd
0.13759379292977253,13.039832282689009,9.747724639949372e-08
