idr,acc,psd
0.1448643094768143,4.424305994449659,0.1511286845175753
