idr,acc,psd
0.14608730683103832,4.464951305461268,0.14744066115080318
