idr,acc,psd
0.2795796088530197,8.572431647291475,2.006512532170303e-08
