idr,acc,psd
0.19430320434119006,5.957847728041984,8.022701143815467e-09
