idr,acc,psd
0.12466849128532338,3.8304576265924384,0.023144583277559118
