idr,acc,psd
0.09432400683389568,2.903551520409639,0.016796734582232836
