idr,acc,psd
0.050215872480325795,4.827848489787483,0.2476000259914253
