idr,acc,psd
0.047540147755767835,4.58545848353415,0.036525013836110155
