idr,acc,psd
0.059588466368476305,5.744732603720172,0.08693891879103643
