idr,acc,psd
0.38330760731617897,11.744438117071812,4.730765243878629e-08
