idr,acc,psd
0.15805021773976832,4.849230643860559,0.4563021407558317
