idr,acc,psd
0.14628205010488765,4.492994018316453,0.38817165391246866
