idr,acc,psd
0.02554317247949654,0.7832183994134888,1.0546396885052154e-09
