idr,acc,psd
0.06161037336031417,1.8934765104565852,6.0674945972770984e-05
