idr,acc,psd
0.06877825797126288,6.657152354424156,1.0949430040890549
