idr,acc,psd
0.21583393737683795,20.46557675257793,1.3755675830406587e-08
