idr,acc,psd
0.0670738847422593,6.271633967025832,1.1095176559352862
