idr,acc,psd
0.21583370423367276,20.46555001395712,1.369588281560978e-07
