idr,acc,psd
0.06639966393094494,6.209952591698891,1.1106967305766122
