idr,acc,psd
0.07276990778468163,7.047313191866057,0.3476133937426603
