idr,acc,psd
0.077810141528622,7.160981657308375,0.2993244681995959
