idr,acc,psd
0.07766524428297338,7.0789658852757675,0.3002385545307011
