idr,acc,psd
0.053584405689764886,5.6556278682352605,0.06561848904908146
