idr,acc,psd
0.0678544078865364,2.0790869783977426,0.002381032027360381
