idr,acc,psd
0.08310826943159788,8.015914088739356,1.4997990792836606
