idr,acc,psd
0.4219312559582835,39.18290662558844,1.1200974344121731e-07
