idr,acc,psd
0.07454471415897863,6.697947739467557,0.9931841265628237
