idr,acc,psd
0.42193146023911016,39.18292853238081,3.0506798925008655e-08
