idr,acc,psd
0.08133517401243354,7.84882130178676,0.9031519401698307
