idr,acc,psd
0.07072882215747878,6.36288791851898,0.9366907238314698
