idr,acc,psd
0.07343721088638704,6.750572710691925,1.534537286502019
