idr,acc,psd
0.07551371716871993,6.914703960508852,1.6303265963505984
