idr,acc,psd
0.09560144900792016,2.9333440596830243,0.045059993319787064
