idr,acc,psd
0.10068539706971018,3.0907520669806146,1.032455508681127e-08
