idr,acc,psd
0.05207737653702789,5.021462627744588,0.5811192589100516
