idr,acc,psd
0.07982013697310378,7.745159429161196,0.5232574485922133
