idr,acc,psd
0.05449492098490755,4.996308797026403,0.5741250840279146
