idr,acc,psd
0.05639812134527625,5.229668355764658,0.16839864762598344
