idr,acc,psd
0.34350615318735217,3.7900941773927,0.10860053419722372
