idr,acc,psd
0.057300013025670594,5.347061052083254,0.20159243581000477
