idr,acc,psd
0.31277042401025934,3.4563323289844066,0.08859668429760834
