idr,acc,psd
0.3157535334655362,29.729653759926038,2.1880733406308845e-07
