idr,acc,psd
1.3240108741536538,14.624555343632364,1.4500922321893795e-08
