idr,acc,psd
0.05014147884349363,4.607805075009146,0.523148399544996
