idr,acc,psd
0.05093834217520748,4.751621421606401,0.5133352750200388
