idr,acc,psd
0.05210178015234463,4.806723683895463,0.5921127795481177
