idr,acc,psd
0.3157536573996562,29.729696048563888,1.372738757371591e-08
