idr,acc,psd
0.22916826919367142,21.470800707380146,1.0836764230700632e-07
