idr,acc,psd
0.05255148441556141,5.832370920336272,0.10165856671039425
