idr,acc,psd
0.03581586016583237,3.364145607920961,1.5436990617933548e-09
