idr,acc,psd
0.027445808838249992,2.5594753772356427,0.002101509441885074
