idr,acc,psd
0.02232840294943083,2.1019011102022227,0.0031569760467771105
