idr,acc,psd
0.022437159355153957,2.1119857239263524,0.0031521167724640306
