idr,acc,psd
0.02733489295869515,2.548724575945715,0.002137635601722045
