idr,acc,psd
0.031341218937488036,3.0209708365735244,0.002139823558037722
