idr,acc,psd
0.03581584816057394,3.364144668197029,1.0966947970386084e-07
