idr,acc,psd
0.020385680677111353,1.9714980247849434,0.0024318108869359973
