idr,acc,psd
0.03491332744493335,3.3217239202464612,0.05480477892454912
