idr,acc,psd
0.04275015111526945,4.488163689246942,0.06844246471907664
