idr,acc,psd
0.03491339883337343,3.321741410393217,0.05480478591116581
