idr,acc,psd
0.07967755775440749,7.2818629839201,0.9865608931198065
