idr,acc,psd
0.07290820127412173,8.035494867386605,0.4009173364182922
