idr,acc,psd
0.020865025494102407,1.9692203364669782,0.00463541532271659
