idr,acc,psd
0.17342579571200586,5.319262542186394,0.30355064646168256
