idr,acc,psd
0.13049803384685096,4.003189889485122,0.052266827544771945
