idr,acc,psd
0.14023842116138904,4.304541131688678,8.670426634281425e-09
