idr,acc,psd
0.07581019219920966,2.3262897873706208,0.0212342237213518
