idr,acc,psd
0.11770010260834746,3.6114885984920986,0.025613972083362656
