idr,acc,psd
0.04864615331278789,4.458274120664623,0.4927864065561891
