idr,acc,psd
0.04864606927545751,4.458278706370777,0.4927864220659688
