idr,acc,psd
0.04839362689366215,4.6739345360928075,0.28528242326893866
