idr,acc,psd
0.023152192779439956,2.2288538209858793,0.0016643181918532157
