idr,acc,psd
0.024212004430522398,2.332703410710148,5.565410666220154e-05
