idr,acc,psd
0.059955148760534926,5.692676922035926,0.2548361172728594
