idr,acc,psd
0.008782540811434316,0.8411198157315933,1.289884736306691e-05
