idr,acc,psd
0.00873649068755338,0.8367041747247346,0.0012938433136368958
