idr,acc,psd
0.1193666092116066,3.6670782934685624,0.024264952394487147
