idr,acc,psd
0.08143932403887506,2.4950053993804007,0.0019226925602857767
