idr,acc,psd
0.03536343702674379,3.3107147826446868,0.004586951142832592
