idr,acc,psd
0.043821079755631265,4.22998026267146,0.00546937287657253
