idr,acc,psd
0.037646009352144114,3.6305079666873334,0.013546421314706555
