idr,acc,psd
0.04187074362420286,3.9655566990202287,0.01816327717255415
