idr,acc,psd
0.03928981211052264,3.610142967393679,0.017284039043100222
