idr,acc,psd
0.0351886028880498,3.275008034159128,0.004667685185718248
