idr,acc,psd
0.06814832840082201,6.42868952683483,3.2615433035811144e-09
