idr,acc,psd
0.068148296153989,6.428714378001271,1.0903138665225862e-07
