idr,acc,psd
0.06109736521484706,5.898447874023937,0.08527590741114023
