idr,acc,psd
0.04141975285340191,3.836229567465188,0.09900072098692997
