idr,acc,psd
0.11452296910950947,10.803473094439067,5.480920440978843e-09
