idr,acc,psd
0.0457909821299582,4.447038422946503,0.03644955993427988
