idr,acc,psd
0.055411959676993736,5.258992364902694,0.042830992283081376
