idr,acc,psd
0.1145227647167911,10.80326854995515,1.0859447937867844e-07
