idr,acc,psd
0.03745945584209426,3.544986043196697,0.03228621965672471
