idr,acc,psd
0.0403934260069458,3.6867162833491722,0.021071864554749978
