idr,acc,psd
0.040393441934281224,3.686728348350419,0.021071871421120325
