idr,acc,psd
0.05534570809695126,5.285560711026943,0.08910852892505441
