idr,acc,psd
0.049615024036993784,4.764357200749589,0.037302640640786075
