idr,acc,psd
0.056325120679771086,5.356987544643319,0.24571055455187812
