idr,acc,psd
0.07265217983090938,7.009371745853925,0.15158444045076572
