idr,acc,psd
0.01941934662031645,1.871585846540631,0.002040141660142314
