idr,acc,psd
0.020200857885407413,1.9547770065227081,5.862905152316847e-05
