idr,acc,psd
0.03665272910548361,1.122327553138105,1.588639880269734e-05
