idr,acc,psd
0.07544068855142327,7.207966186017627,1.532114491236821e-08
