idr,acc,psd
0.07544088597504786,7.20798988040297,2.2261520798321948e-07
