idr,acc,psd
0.04766881074437994,4.616601461898227,0.14170427389036674
