idr,acc,psd
0.04805332996869253,4.446773224609885,0.1779568181554701
