idr,acc,psd
0.0498960305356148,4.7036200935925105,0.18748868401775487
