idr,acc,psd
0.03992284706260436,3.738733949218939,0.14825512637284358
