idr,acc,psd
0.039545187647660685,3.8274241060274106,0.17717369509976935
