idr,acc,psd
0.04062699379240263,3.8865066659953804,0.141607882875809
