idr,acc,psd
0.043329127853853185,4.179135869705969,0.21101942120770642
