idr,acc,psd
0.042857971139839454,4.135672094571351,0.009373878892052882
