idr,acc,psd
0.043592506876719485,4.205799840380903,0.026799677191021817
