idr,acc,psd
0.16416761976145602,5.019165147354515,0.06566693873247763
