idr,acc,psd
0.06679642228168232,6.449238253747931,0.17587889534365023
