idr,acc,psd
0.06604051370071963,6.377955466754175,0.1276389010373576
