idr,acc,psd
0.131296696954177,4.031156806639013,0.054361525058191085
