idr,acc,psd
0.047545885779318564,4.592710793496318,0.009743963158785946
