idr,acc,psd
0.354183078349191,3.918453825260423,0.14495862172206964
