idr,acc,psd
0.06749025664427809,6.510902060755798,0.12166502428836934
