idr,acc,psd
0.042461395652724686,4.101123777557208,0.022713813442700473
