idr,acc,psd
0.15583795066210274,4.798871170722046,0.08489820851117981
