idr,acc,psd
0.07801388318730766,7.42463435228767,0.11986856312727347
