idr,acc,psd
0.07958898641407462,7.534927686435928,0.18222253610271516
